steering_angle,speed
0.0,0.05
0.0,0.1
0.0,0.25
0.0,0.25
0.0,0.25
0.0,0.25
0.0,0.25
0.0,0.25
0.0,0.25
0.0,0.25
0.0,0.25
0.0,0.25
0.0,0.25
0.0,0.25
0.0,0.31
0.573,0.55
1.1459,0.75
1.7189,0.89
2.8648,0.98
4.0107,1.06
5.1566,1.13
6.3025,1.19
8.0214,1.25
9.1673,1.0
10.3132,0.75
11.4592,0.5
12.6051,0.25
2.8648,0.25
5.7296,0.25
8.5944,0.25
11.4592,0.25
14.3239,0.25
17.1887,0.25
20.0535,0.25
22.9183,0.25
22.9183,0.28
22.9183,0.36
23.4913,0.46
24.6372,0.54
25.7831,0.61
26.929,0.66
28.0749,0.7
29.2208,0.74
30.3668,0.78
32.0856,0.81
33.2316,0.84
34.3775,0.86
35.5234,0.89
36.6693,0.9
37.8152,0.92
38.9611,0.94
39.5341,0.98
40.107,1.01
40.107,1.07
40.107,1.12
40.107,1.18
38.9611,1.23
38.3882,1.28
37.2423,1.32
36.0963,1.36
34.9504,1.4
33.2316,1.43
32.0856,1.46
30.9397,1.5
29.7938,1.52
28.6479,1.55
27.502,1.57
26.3561,1.6
25.2101,1.62
23.4913,1.64
22.3454,1.66
21.1994,1.68
20.0535,1.69
18.9076,1.72
17.7617,1.74
16.6158,1.78
15.4699,1.82
14.3239,1.86
13.178,1.88
11.4592,1.92
10.3132,1.95
9.1673,1.97
8.0214,1.99
6.8755,2.01
5.7296,2.04
4.5837,2.07
3.4377,2.09
2.2918,2.11
1.1459,2.12
-0.0,2.14
-1.7189,2.15
-2.8648,2.16
-4.0107,2.18
-5.1566,2.19
-6.3025,2.2
-7.4485,2.22
-8.5944,2.24
-9.7403,2.26
-10.8862,2.28
-12.0321,2.3
-13.751,2.32
-14.8969,2.33
-16.0428,2.35
-17.1887,2.36
-18.3346,2.37
-19.4806,2.39
-20.6265,2.4
-21.7724,2.41
-22.9183,2.42
-24.0642,2.43
-25.2101,2.44
-26.929,2.45
-28.0749,2.46
-29.2208,2.47
-30.3668,2.48
-31.5127,2.49
-32.6586,2.5
-33.8045,2.51
-34.9504,2.52
-36.0963,2.53
-37.2423,2.55
-38.3882,2.56
-39.5341,2.57
-40.107,2.58
-40.107,2.6
-40.107,2.6
-40.107,2.62
-40.107,2.62
-40.107,2.63
-40.107,2.64
-40.107,2.65
-40.107,2.65
-40.107,2.66
-40.107,2.66
-40.107,2.67
-40.107,2.68
-40.107,2.68
-40.107,2.69
-40.107,2.69
-40.107,2.7
-40.107,2.71
-40.107,2.72
-40.107,2.72
-40.107,2.73
-39.5341,2.73
-38.9611,2.74
-38.3882,2.74
-37.2423,2.75
-36.0963,2.75
-34.9504,2.75
-33.8045,2.76
-33.8045,2.76
-30.9397,2.76
-29.7938,2.76
-28.6479,2.77
-27.502,2.77
-26.3561,2.77
-25.2101,2.77
-24.0642,2.77
-22.3454,2.77
-21.1994,2.77
-20.0535,2.77
-18.9076,2.77
-17.7617,2.78
-16.6158,2.78
-15.4699,2.78
-14.3239,2.78
-13.178,2.78
-12.0321,2.78
-10.8862,2.78
-9.7403,2.78
-8.5944,2.78
-7.4485,2.78
-6.8755,2.78
-6.3025,2.78
-6.3025,2.78
-5.7296,2.78
-5.1566,2.78
-5.1566,2.78
-4.5837,2.78
-4.0107,2.78
-3.4377,2.78
-2.8648,2.78
-2.2918,2.78
-1.7189,2.78
-0.573,2.78
-0.0,2.78
0.573,2.78
1.1459,2.78
1.7189,2.78
1.7189,2.78
2.2918,2.78
2.2918,2.78
2.2918,2.78
2.2918,2.78
2.8648,2.78
2.8648,2.78
2.8648,2.78
2.8648,2.78
2.8648,2.78
3.4377,2.78
3.4377,2.78
3.4377,2.78
3.4377,2.78
4.0107,2.78
4.0107,2.78
3.4377,2.78
3.4377,2.78
3.4377,2.78
3.4377,2.78
4.0107,2.78
4.0107,2.78
4.0107,2.78
4.0107,2.78
4.0107,2.78
4.0107,2.78
4.0107,2.78
4.0107,2.78
4.0107,2.78
4.0107,2.78
4.0107,2.78
4.0107,2.78
4.0107,2.78
4.0107,2.78
4.0107,2.78
4.0107,2.78
4.0107,2.78
4.0107,2.78
4.0107,2.78
4.0107,2.78
3.4377,2.78
3.4377,2.78
3.4377,2.78
3.4377,2.78
3.4377,2.78
3.4377,2.78
3.4377,2.78
3.4377,2.78
3.4377,2.78
3.4377,2.78
2.8648,2.78
2.8648,2.78
2.8648,2.78
2.8648,2.78
2.8648,2.78
2.8648,2.78
2.8648,2.78
2.8648,2.78
2.2918,2.78
2.2918,2.78
2.2918,2.78
2.2918,2.78
2.2918,2.78
1.7189,2.78
1.7189,2.78
1.7189,2.78
1.7189,2.78
1.7189,2.78
1.7189,2.78
1.7189,2.78
1.7189,2.78
1.7189,2.78
1.7189,2.78
1.1459,2.78
1.1459,2.78
1.1459,2.78
1.1459,2.78
1.1459,2.78
1.1459,2.78
1.1459,2.78
1.1459,2.78
1.1459,2.78
0.573,2.78
0.573,2.78
0.573,2.78
0.573,2.78
0.573,2.78
0.573,2.78
0.573,2.78
0.573,2.78
0.573,2.78
0.573,2.78
0.573,2.78
0.573,2.78
0.573,2.78
0.0,2.78
0.0,2.78
0.0,2.78
0.0,2.78
0.0,2.78
0.0,2.78
0.0,2.78
0.0,2.78
0.0,2.78
0.0,2.78
0.0,2.78
-0.0,2.78
-0.0,2.78
-0.0,2.78
-0.0,2.78
-0.0,2.78
-0.0,2.78
-0.0,2.78
-0.0,2.78
-0.0,2.78
-0.0,2.78
-0.0,2.78
-0.0,2.78
-0.0,2.78
-0.0,2.78
-0.0,2.78
-0.0,2.78
-0.0,2.78
-0.0,2.78
-0.0,2.78
-0.0,2.78
-0.0,2.78
-0.0,2.78
-0.0,2.78
-0.0,2.78
-0.0,2.78
-0.0,2.78
-0.573,2.78
-0.573,2.78
-0.573,2.78
-0.573,2.78
-0.573,2.78
-0.573,2.78
-0.573,2.78
-0.573,2.78
-0.573,2.78
-0.573,2.78
-0.573,2.78
-0.573,2.78
-0.573,2.78
-0.573,2.78
-0.573,2.78
-0.573,2.78
-0.573,2.78
-0.573,2.78
-0.573,2.78
-0.573,2.78
-0.573,2.78
-0.573,2.78
-0.573,2.78
-0.573,2.78
-0.573,2.78
-0.573,2.78
-0.573,2.78
-0.573,2.78
-0.573,2.78
-0.573,2.78
-0.573,2.78
-0.573,2.78
-0.573,2.78
-0.573,2.78
-0.573,2.78
-1.1459,2.78
-1.1459,2.78
-1.1459,2.78
-1.1459,2.78
-1.1459,2.78
-1.7189,2.78
-1.7189,2.78
-1.7189,2.78
-1.7189,2.78
-2.2918,2.78
-2.2918,2.78
-2.2918,2.78
-2.2918,2.78
-2.8648,2.78
-2.8648,2.78
-2.8648,2.78
-2.8648,2.78
-3.4377,2.78
-3.4377,2.78
-3.4377,2.78
-4.0107,2.78
-4.0107,2.78
-4.0107,2.78
-4.5837,2.78
-4.5837,2.78
-5.1566,2.78
-5.1566,2.78
-5.7296,2.78
-6.3025,2.78
-6.8755,2.78
-7.4485,2.78
-7.4485,2.78
-8.0214,2.78
-8.5944,2.78
-8.5944,2.78
-9.1673,2.78
-9.1673,2.78
-9.7403,2.78
-9.7403,2.78
-10.3132,2.78
-10.8862,2.78
-11.4592,2.78
-11.4592,2.78
-12.0321,2.78
-12.6051,2.78
-12.6051,2.78
-13.178,2.78
-13.751,2.78
-14.3239,2.78
-15.4699,2.78
-16.0428,2.78
-16.0428,2.78
-16.6158,2.78
-17.1887,2.78
-17.1887,2.78
-17.7617,2.78
-17.7617,2.78
-18.3346,2.78
-18.3346,2.78
-18.9076,2.78
-18.9076,2.78
-19.4806,2.78
-19.4806,2.78
-19.4806,2.78
-20.0535,2.78
-20.0535,2.78
-20.0535,2.78
-20.0535,2.78
-20.0535,2.78
-20.6265,2.78
-20.6265,2.78
-20.6265,2.78
-21.1994,2.78
-21.1994,2.78
-21.1994,2.78
-21.1994,2.78
-21.1994,2.78
-21.1994,2.78
-20.6265,2.78
-20.6265,2.78
-20.6265,2.78
-20.0535,2.78
-20.0535,2.78
-20.0535,2.78
-20.0535,2.78
-20.0535,2.78
-19.4806,2.78
-19.4806,2.78
-18.9076,2.78
-18.3346,2.78
-18.3346,2.78
-17.7617,2.78
-17.7617,2.78
-17.7617,2.78
-17.7617,2.78
-17.7617,2.78
-17.1887,2.78
-17.1887,2.78
-17.1887,2.78
-17.1887,2.78
-16.6158,2.77
-16.6158,2.77
-16.0428,2.77
-16.0428,2.77
-16.0428,2.77
-15.4699,2.76
-14.8969,2.76
-14.8969,2.76
-14.3239,2.75
-13.751,2.75
-13.178,2.74
-12.6051,2.74
-12.0321,2.73
-12.0321,2.73
-12.0321,2.72
-12.0321,2.72
-11.4592,2.71
-11.4592,2.7
-11.4592,2.7
-10.8862,2.69
-10.3132,2.68
-10.3132,2.67
-9.7403,2.67
-9.7403,2.66
-9.7403,2.65
-9.1673,2.64
-9.1673,2.63
-8.5944,2.62
-8.0214,2.6
-7.4485,2.59
-7.4485,2.57
-6.8755,2.55
-6.3025,2.54
-6.3025,2.52
-5.7296,2.5
-5.7296,2.49
-5.7296,2.47
-5.1566,2.46
-5.1566,2.44
-5.1566,2.42
-4.5837,2.4
-4.5837,2.39
-4.5837,2.37
-4.0107,2.35
-4.0107,2.33
-4.0107,2.31
-3.4377,2.3
-3.4377,2.28
-2.8648,2.26
-2.8648,2.24
-2.8648,2.22
-2.2918,2.21
-2.2918,2.19
-2.2918,2.17
-2.2918,2.15
-2.2918,2.13
-2.2918,2.1
-1.7189,2.08
-1.7189,2.03
-1.1459,2.0
-1.1459,1.96
-0.573,1.93
-0.573,1.89
-0.0,1.86
0.0,1.83
0.0,1.79
0.573,1.76
0.573,1.73
0.573,1.69
0.573,1.66
0.573,1.62
0.573,1.59
0.573,1.55
1.1459,1.52
1.1459,1.48
1.1459,1.44
1.1459,1.41
1.1459,1.37
1.7189,1.33
1.7189,1.29
1.7189,1.25
1.7189,1.22
1.7189,1.18
2.2918,1.14
2.2918,1.1
2.2918,1.05
2.2918,1.01
2.2918,0.97
2.2918,0.93
2.2918,0.88
2.2918,0.84
2.2918,0.79
2.2918,0.75
2.2918,0.7
2.2918,0.65
2.2918,0.61
2.2918,0.55
2.2918,0.49
2.2918,0.43
2.2918,0.18
1.7189,0.05
1.7189,0.1
1.7189,0.25
1.7189,0.25
1.7189,0.25
1.7189,0.25
1.7189,0.25
1.7189,0.27
1.1459,0.31
0.573,0.4
-0.0,0.49
-1.1459,0.57
-2.2918,0.64
-4.5837,0.74
-6.3025,0.79
-7.4485,0.83
-8.0214,0.87
-9.1673,0.89
-9.1673,0.93
-9.1673,0.96
-9.1673,0.99
-8.5944,1.02
-8.0214,1.05
-8.0214,1.07
-7.4485,1.1
-7.4485,1.12
-6.8755,1.14
-6.8755,1.18
-6.8755,1.22
-6.3025,1.27
-5.7296,1.3
-5.7296,1.39
-4.5837,1.44
-4.0107,1.49
-2.8648,1.53
-1.7189,1.57
-1.1459,1.6
-0.573,1.63
-0.0,1.67
0.573,1.69
0.573,1.72
1.1459,1.75
1.1459,1.77
1.7189,1.8
1.7189,1.82
2.2918,1.84
2.2918,1.87
2.2918,1.89
2.8648,1.9
2.8648,1.92
2.8648,1.95
3.4377,1.97
3.4377,2.0
4.0107,2.03
4.0107,2.07
4.5837,2.11
5.1566,2.14
5.1566,2.16
5.7296,2.19
5.7296,2.21
5.7296,2.23
5.7296,2.25
5.7296,2.27
5.7296,2.29
5.7296,2.31
5.7296,2.33
5.7296,2.34
5.7296,2.36
5.7296,2.37
5.7296,2.39
5.7296,2.4
5.7296,2.41
5.7296,2.43
5.7296,2.44
5.7296,2.46
5.7296,2.48
5.7296,2.5
5.7296,2.52
5.1566,2.54
5.1566,2.56
5.1566,2.57
5.1566,2.59
5.1566,2.6
5.1566,2.61
5.1566,2.62
5.1566,2.63
5.1566,2.64
5.1566,2.65
5.1566,2.66
5.1566,2.66
5.1566,2.67
5.1566,2.68
5.1566,2.69
4.5837,2.69
4.5837,2.7
4.5837,2.7
4.0107,2.71
4.0107,2.72
4.0107,2.73
3.4377,2.73
2.8648,2.74
2.8648,2.74
2.2918,2.75
2.2918,2.75
2.2918,2.76
2.2918,2.76
1.7189,2.76
1.7189,2.76
1.7189,2.77
1.1459,2.77
1.1459,2.77
0.573,2.77
0.573,2.77
0.573,2.77
0.0,2.77
0.0,2.77
-0.0,2.78
-0.573,2.78
-0.573,2.78
-1.1459,2.78
-1.1459,2.78
-1.7189,2.78
-2.2918,2.78
-2.8648,2.78
-3.4377,2.78
-4.0107,2.78
-4.5837,2.78
-5.7296,2.78
-6.3025,2.78
-6.8755,2.78
-7.4485,2.78
-7.4485,2.78
-8.0214,2.78
-8.5944,2.78
-8.5944,2.78
-9.1673,2.78
-9.7403,2.78
-10.3132,2.78
-10.8862,2.78
-11.4592,2.78
-12.0321,2.78
-12.6051,2.78
-13.178,2.78
-14.3239,2.78
-15.4699,2.78
-16.6158,2.78
-17.1887,2.78
-18.3346,2.78
-19.4806,2.78
-20.0535,2.78
-20.0535,2.78
-20.6265,2.78
-21.1994,2.78
-21.1994,2.78
-21.7724,2.78
-22.3454,2.78
-22.3454,2.78
-22.9183,2.78
-22.9183,2.78
-23.4913,2.78
-24.0642,2.78
-24.0642,2.78
-24.0642,2.78
-24.6372,2.78
-24.6372,2.78
-24.6372,2.78
-24.6372,2.78
-24.0642,2.78
-23.4913,2.78
-22.9183,2.78
-22.9183,2.78
-22.9183,2.78
-22.9183,2.78
-22.9183,2.78
-22.3454,2.78
-22.3454,2.78
-21.7724,2.78
-21.7724,2.78
-21.1994,2.78
-20.6265,2.78
-20.6265,2.78
-20.0535,2.78
-20.0535,2.78
-19.4806,2.78
-19.4806,2.78
-18.9076,2.78
-18.9076,2.78
-18.3346,2.78
-17.7617,2.78
-17.1887,2.78
-16.6158,2.78
-16.0428,2.78
-15.4699,2.78
-14.8969,2.78
-14.8969,2.78
-14.8969,2.78
-14.3239,2.78
-14.3239,2.78
-14.3239,2.78
-14.3239,2.78
-13.751,2.78
-13.751,2.78
-13.751,2.78
-13.751,2.78
-13.751,2.78
-13.751,2.78
-13.751,2.78
-13.751,2.78
-13.178,2.78
-13.178,2.78
-12.6051,2.78
-12.6051,2.78
-12.0321,2.78
-12.0321,2.78
-11.4592,2.78
-11.4592,2.78
-11.4592,2.78
-12.0321,2.78
-12.0321,2.78
-12.0321,2.78
-12.0321,2.78
-12.0321,2.78
-12.0321,2.78
-12.0321,2.78
-12.0321,2.78
-12.0321,2.78
-12.0321,2.78
-12.0321,2.78
-12.0321,2.78
-12.0321,2.78
-12.0321,2.78
-12.0321,2.78
-11.4592,2.78
-11.4592,2.78
-11.4592,2.78
-11.4592,2.78
-12.0321,2.78
-12.0321,2.78
-12.0321,2.78
-12.0321,2.78
-12.0321,2.78
-12.0321,2.78
-12.0321,2.78
-12.0321,2.78
-12.0321,2.78
-12.0321,2.78
-12.0321,2.78
-12.0321,2.78
-12.6051,2.78
-12.6051,2.78
-12.6051,2.78
-12.0321,2.78
-12.0321,2.78
-12.0321,2.78
-12.0321,2.78
-12.0321,2.78
-12.0321,2.78
-12.0321,2.78
-12.0321,2.78
-12.0321,2.78
-12.0321,2.78
-12.6051,2.78
-12.6051,2.78
-12.6051,2.78
-12.0321,2.78
-12.0321,2.78
-12.0321,2.78
-12.0321,2.78
-12.0321,2.78
-12.0321,2.78
-12.0321,2.78
-11.4592,2.78
-11.4592,2.78
-11.4592,2.78
-10.8862,2.78
-10.8862,2.78
-10.8862,2.78
-10.8862,2.78
-10.8862,2.78
-10.8862,2.78
-10.8862,2.78
-10.8862,2.78
-10.3132,2.78
-10.3132,2.78
-10.3132,2.78
-10.3132,2.78
-10.3132,2.78
-9.7403,2.78
-9.7403,2.78
-9.7403,2.78
-9.1673,2.78
-9.1673,2.78
-8.5944,2.78
-8.5944,2.78
-8.0214,2.78
-7.4485,2.78
-7.4485,2.78
-7.4485,2.78
-6.8755,2.78
-6.8755,2.78
-6.8755,2.78
-6.8755,2.78
-6.8755,2.78
-6.3025,2.78
-6.3025,2.78
-6.3025,2.78
-6.3025,2.78
-5.7296,2.78
-5.7296,2.78
-5.7296,2.78
-5.1566,2.78
-5.1566,2.78
-4.5837,2.78
-4.5837,2.78
-4.0107,2.78
-4.0107,2.78
-3.4377,2.78
-3.4377,2.78
-2.8648,2.78
-2.8648,2.78
-2.8648,2.78
-2.8648,2.78
-2.8648,2.78
-2.8648,2.78
-2.8648,2.78
-2.8648,2.78
-2.8648,2.78
-2.8648,2.78
-2.8648,2.78
-2.8648,2.78
-2.8648,2.78
-2.2918,2.78
-2.2918,2.78
-2.2918,2.78
-1.7189,2.78
-1.7189,2.78
-1.7189,2.78
-1.7189,2.78
-1.7189,2.78
-2.2918,2.78
-2.2918,2.78
-2.2918,2.78
-2.2918,2.78
-2.2918,2.78
-1.7189,2.78
-1.7189,2.78
-1.1459,2.78
-1.1459,2.78
-1.1459,2.78
-1.1459,2.78
-1.1459,2.78
-1.1459,2.78
-0.573,2.78
-0.573,2.78
-0.573,2.78
-0.573,2.78
-0.573,2.78
-0.573,2.78
-0.573,2.78
-0.0,2.78
-0.0,2.78
-0.0,2.78
-0.0,2.78
-0.0,2.78
0.0,2.78
0.0,2.78
0.0,2.78
0.0,2.78
0.0,2.78
0.0,2.78
0.0,2.78
0.0,2.78
0.0,2.78
0.573,2.78
0.573,2.78
0.573,2.78
0.573,2.78
0.573,2.78
0.573,2.78
0.573,2.78
0.573,2.78
0.573,2.78
0.573,2.78
0.573,2.78
0.573,2.78
0.573,2.78
0.573,2.78
0.573,2.78
0.573,2.78
0.573,2.78
0.573,2.78
0.573,2.78
0.573,2.78
0.573,2.78
0.573,2.78
0.573,2.78
0.573,2.78
0.573,2.78
0.573,2.78
0.573,2.78
0.573,2.78
0.573,2.78
0.573,2.78
0.573,2.78
0.573,2.78
0.573,2.78
0.573,2.78
0.573,2.78
0.573,2.78
0.573,2.78
0.573,2.78
0.573,2.78
0.573,2.78
0.573,2.78
0.573,2.78
0.573,2.78
0.573,2.78
0.573,2.78
0.573,2.78
0.573,2.78
0.0,2.78
0.0,2.78
0.0,2.78
0.0,2.78
0.0,2.78
0.0,2.78
0.0,2.78
0.0,2.78
0.0,2.78
0.0,2.78
0.0,2.78
0.0,2.78
0.0,2.78
0.0,2.78
0.0,2.78
0.0,2.78
0.0,2.78
0.0,2.78
0.0,2.78
0.0,2.78
0.0,2.78
0.0,2.78
0.0,2.78
0.0,2.78
0.0,2.78
0.0,2.78
0.0,2.78
0.0,2.78
0.0,2.78
0.0,2.78
0.0,2.78
0.0,2.78
0.0,2.78
0.0,2.78
0.0,2.78
0.0,2.78
0.0,2.78
0.0,2.78
0.0,2.78
-0.0,2.78
-0.0,2.78
-0.0,2.78
-0.0,2.78
-0.0,2.78
-0.0,2.78
0.0,2.78
0.0,2.78
0.0,2.78
0.0,2.78
0.0,2.78
0.0,2.78
0.0,2.78
0.0,2.78
0.0,2.78
0.0,2.78
0.0,2.78
0.0,2.78
0.0,2.78
0.0,2.78
0.0,2.78
0.0,2.78
0.0,2.78
0.0,2.78
0.0,2.78
0.0,2.78
0.0,2.78
0.0,2.78
0.0,2.78
0.0,2.78
0.0,2.78
-0.0,2.78
-0.0,2.78
-0.0,2.78
-0.0,2.78
-0.0,2.78
-0.0,2.78
-0.0,2.78
-0.0,2.78
-0.573,2.78
-0.573,2.78
-0.573,2.78
-0.573,2.78
-0.573,2.78
-0.573,2.78
-1.1459,2.78
-1.1459,2.78
-1.1459,2.78
-1.1459,2.78
-1.1459,2.78
-1.7189,2.78
-1.7189,2.78
-1.7189,2.78
-1.7189,2.78
-2.2918,2.78
-2.2918,2.78
-2.2918,2.78
-2.2918,2.78
-2.8648,2.78
-2.8648,2.78
-2.8648,2.78
-3.4377,2.78
-3.4377,2.78
-3.4377,2.78
-4.0107,2.78
-4.0107,2.78
-4.5837,2.78
-4.5837,2.78
-5.1566,2.78
-5.1566,2.78
-5.7296,2.78
-5.7296,2.78
-6.3025,2.78
-6.3025,2.78
-6.8755,2.78
-6.8755,2.78
-7.4485,2.78
-7.4485,2.78
-7.4485,2.78
-8.0214,2.78
-8.0214,2.78
-8.0214,2.78
-8.5944,2.78
-8.5944,2.78
-8.5944,2.78
-9.1673,2.78
-9.1673,2.78
-9.7403,2.78
-9.7403,2.78
-10.3132,2.78
-10.8862,2.78
-10.8862,2.78
-11.4592,2.78
-11.4592,2.78
-12.0321,2.78
-12.0321,2.78
-12.0321,2.78
-12.6051,2.78
-12.6051,2.78
-12.6051,2.78
-12.6051,2.78
-12.6051,2.78
-13.178,2.78
-13.751,2.78
-13.751,2.78
-13.751,2.78
-13.751,2.78
-14.3239,2.78
-14.3239,2.78
-14.3239,2.78
-14.3239,2.78
-14.8969,2.78
-14.8969,2.78
-15.4699,2.78
-15.4699,2.78
-16.0428,2.78
-16.0428,2.78
-16.6158,2.78
-16.6158,2.78
-16.6158,2.78
-17.1887,2.78
-17.1887,2.78
-17.1887,2.78
-17.1887,2.78
-17.7617,2.78
-17.7617,2.78
-17.7617,2.78
-17.7617,2.78
-17.7617,2.78
-18.3346,2.78
-18.3346,2.78
-18.3346,2.78
-18.3346,2.78
-17.7617,2.78
-17.7617,2.78
-17.7617,2.78
-17.7617,2.78
-17.1887,2.78
-17.1887,2.78
-17.1887,2.78
-17.1887,2.78
-17.1887,2.78
-17.1887,2.78
-17.1887,2.78
-17.1887,2.78
-17.1887,2.78
-17.1887,2.78
-17.1887,2.78
-16.6158,2.78
-16.6158,2.78
-16.0428,2.78
-16.0428,2.78
-15.4699,2.78
-15.4699,2.78
-14.8969,2.78
-14.3239,2.78
-14.3239,2.78
-13.751,2.78
-13.751,2.78
-13.751,2.78
-13.751,2.78
-13.751,2.78
-13.178,2.78
-13.178,2.78
-12.6051,2.78
-12.6051,2.78
-12.6051,2.78
-12.0321,2.78
-12.0321,2.78
-11.4592,2.78
-11.4592,2.78
-11.4592,2.78
-10.8862,2.78
-10.3132,2.78
-9.7403,2.78
-9.1673,2.78
-8.0214,2.78
-7.4485,2.78
-6.8755,2.78
-6.8755,2.78
-6.3025,2.78
-6.3025,2.78
-6.3025,2.78
-6.3025,2.78
-5.7296,2.78
-5.7296,2.78
-5.1566,2.78
-5.1566,2.78
-4.5837,2.78
-4.5837,2.78
-4.0107,2.78
-4.0107,2.78
-3.4377,2.78
-2.8648,2.78
-2.8648,2.78
-2.2918,2.78
-1.7189,2.78
-1.1459,2.78
-0.573,2.78
-0.0,2.78
0.0,2.78
0.573,2.78
0.573,2.78
0.573,2.78
0.573,2.78
0.573,2.78
0.573,2.78
1.1459,2.78
1.1459,2.78
1.1459,2.78
1.7189,2.78
1.7189,2.78
2.2918,2.78
2.2918,2.78
2.8648,2.78
2.8648,2.78
3.4377,2.78
3.4377,2.78
4.0107,2.78
4.0107,2.78
4.5837,2.78
4.5837,2.78
5.1566,2.78
5.1566,2.78
5.1566,2.78
5.1566,2.78
5.1566,2.78
5.1566,2.78
5.1566,2.78
5.1566,2.78
5.7296,2.78
5.7296,2.78
5.7296,2.78
5.7296,2.78
5.7296,2.78
5.7296,2.78
5.7296,2.78
5.7296,2.78
5.7296,2.78
5.7296,2.78
5.7296,2.78
5.7296,2.78
5.7296,2.78
6.3025,2.78
6.3025,2.78
6.3025,2.78
6.3025,2.78
6.3025,2.78
6.3025,2.78
6.3025,2.78
6.3025,2.78
6.3025,2.78
6.3025,2.78
6.3025,2.78
6.3025,2.78
6.3025,2.78
6.3025,2.78
6.3025,2.78
5.7296,2.78
5.7296,2.78
5.7296,2.78
5.7296,2.78
5.7296,2.78
5.7296,2.78
5.7296,2.78
5.7296,2.78
5.7296,2.78
5.7296,2.78
5.7296,2.78
5.7296,2.78
5.7296,2.78
5.7296,2.78
5.7296,2.78
5.7296,2.78
5.1566,2.78
5.1566,2.78
5.1566,2.78
5.1566,2.78
5.1566,2.78
5.1566,2.78
5.1566,2.78
5.1566,2.78
4.5837,2.78
4.5837,2.78
4.5837,2.78
4.5837,2.78
4.5837,2.78
4.0107,2.78
4.0107,2.78
4.0107,2.78
4.0107,2.78
4.0107,2.78
4.0107,2.78
4.0107,2.78
4.0107,2.78
4.0107,2.78
4.0107,2.78
3.4377,2.78
3.4377,2.78
3.4377,2.78
3.4377,2.78
3.4377,2.78
3.4377,2.78
3.4377,2.78
2.8648,2.78
2.8648,2.78
2.8648,2.78
2.8648,2.78
2.8648,2.78
2.2918,2.78
2.2918,2.78
2.2918,2.78
2.2918,2.78
2.2918,2.78
1.7189,2.78
1.7189,2.78
1.7189,2.78
1.7189,2.78
1.1459,2.78
1.1459,2.78
1.1459,2.78
1.1459,2.78
1.1459,2.53
1.1459,2.28
1.7189,2.03
2.8648,1.78
4.0107,1.53
5.1566,1.28
6.3025,1.03
7.4485,0.78
8.5944,0.53
9.7403,0.28
11.4592,0.03
2.8648,0.05
5.7296,0.1
8.5944,0.15
11.4592,0.25
14.3239,0.25
17.1887,0.25
20.0535,0.28
22.9183,0.28
23.4913,0.38
22.3454,0.46
21.1994,0.53
20.0535,0.58
18.9076,0.68
17.7617,0.68
16.6158,0.72
15.4699,0.75
13.751,0.79
12.6051,0.82
11.4592,0.84
10.3132,0.87
9.1673,0.89
8.0214,0.91
6.8755,0.93
5.7296,0.95
4.5837,0.98
3.4377,1.02
2.2918,1.07
0.573,1.1
-0.573,1.18
-1.7189,1.22
-2.8648,1.27
-4.0107,1.3
-5.1566,1.34
-6.3025,1.36
-7.4485,1.39
-8.5944,1.42
-9.7403,1.45
-11.4592,1.47
-12.6051,1.49
-13.751,1.52
-14.8969,1.53
-16.0428,1.55
-17.1887,1.57
-18.3346,1.59
-19.4806,1.61
-20.6265,1.64
-21.7724,1.67
-22.9183,1.7
-24.6372,1.74
-25.7831,1.78
-26.929,1.81
-28.0749,1.84
-29.2208,1.86
-30.3668,1.89
-30.9397,1.91
-31.5127,1.93
-31.5127,1.95
-31.5127,1.98
-30.9397,1.98
-30.3668,2.0
-29.7938,2.01
-29.7938,2.03
-29.2208,2.05
-29.2208,2.07
-29.2208,2.1
-28.6479,2.13
-28.6479,2.16
-28.6479,2.18
-28.0749,2.21
-28.0749,2.23
-28.0749,2.25
-28.6479,2.27
-28.6479,2.29
-28.6479,2.31
-29.2208,2.32
-29.2208,2.34
-29.2208,2.36
-29.2208,2.37
-29.7938,2.38
-29.7938,2.39
-29.7938,2.4
-29.7938,2.42
-29.7938,2.42
-29.7938,2.44
-29.7938,2.45
-29.7938,2.46
-29.7938,2.48
-29.7938,2.49
-29.7938,2.51
-29.7938,2.53
-29.7938,2.54
-29.7938,2.55
-29.2208,2.57
-29.2208,2.58
-29.2208,2.59
-28.6479,2.6
-28.6479,2.61
-28.6479,2.61
-28.6479,2.62
-28.6479,2.63
-29.2208,2.64
-29.2208,2.64
-29.2208,2.65
-28.6479,2.66
-28.6479,2.66
-28.0749,2.66
-28.0749,2.67
-27.502,2.68
-27.502,2.68
-26.929,2.69
-26.3561,2.7
-25.2101,2.7
-24.6372,2.71
-24.0642,2.72
-23.4913,2.72
-22.9183,2.73
-22.9183,2.73
-22.9183,2.73
-22.3454,2.74
-22.3454,2.74
-22.3454,2.74
-22.3454,2.75
-21.7724,2.75
-21.7724,2.75
-21.1994,2.75
-21.1994,2.76
-20.6265,2.76
-20.6265,2.76
-20.6265,2.76
-20.0535,2.76
-20.0535,2.77
-18.9076,2.77
-18.3346,2.77
-17.1887,2.77
-16.6158,2.77
-16.0428,2.77
-15.4699,2.77
-14.8969,2.77
-14.3239,2.78
-14.3239,2.78
-13.751,2.78
-13.751,2.78
-13.751,2.78
-13.178,2.78
-13.178,2.78
-12.6051,2.78
-12.0321,2.78
-12.0321,2.78
-11.4592,2.78
-11.4592,2.78
-10.8862,2.78
-10.3132,2.78
-9.1673,2.78
-8.5944,2.78
-8.0214,2.78
-7.4485,2.78
-7.4485,2.78
-6.8755,2.78
-6.8755,2.78
-6.3025,2.78
-6.3025,2.78
-5.7296,2.78
-5.7296,2.78
-5.7296,2.78
-5.7296,2.78
-5.1566,2.78
-5.1566,2.78
-5.1566,2.78
-4.5837,2.78
-4.5837,2.78
-4.0107,2.78
-4.0107,2.78
-3.4377,2.78
-3.4377,2.78
-2.8648,2.78
-2.2918,2.78
-2.2918,2.78
-2.2918,2.78
-1.7189,2.78
-1.7189,2.78
-2.2918,2.78
-2.2918,2.78
-2.2918,2.78
-2.2918,2.78
-2.2918,2.78
-1.7189,2.78
-1.7189,2.78
-1.1459,2.78
-1.1459,2.78
-1.1459,2.78
-1.1459,2.78
-1.1459,2.78
-0.573,2.78
-0.573,2.78
-0.573,2.78
-0.573,2.78
-0.0,2.78
-0.0,2.78
0.0,2.78
0.0,2.78
0.0,2.78
0.573,2.78
0.573,2.78
0.573,2.78
0.573,2.78
0.573,2.78
0.573,2.78
0.573,2.78
0.573,2.78
0.573,2.78
0.573,2.78
0.573,2.78
0.573,2.78
0.573,2.78
0.573,2.78
0.573,2.78
0.573,2.78
1.1459,2.78
1.1459,2.78
1.1459,2.78
1.1459,2.78
1.1459,2.78
1.1459,2.78
1.1459,2.78
1.1459,2.78
1.1459,2.78
1.1459,2.78
1.1459,2.78
1.1459,2.78
1.1459,2.78
1.1459,2.78
0.573,2.78
0.573,2.78
0.573,2.78
0.573,2.78
0.573,2.78
0.573,2.78
0.573,2.78
0.573,2.78
0.573,2.78
0.573,2.78
0.573,2.78
0.573,2.78
0.573,2.78
0.573,2.78
0.573,2.78
0.573,2.78
0.573,2.78
0.573,2.78
0.573,2.78
0.573,2.78
0.573,2.78
0.573,2.78
0.573,2.78
0.573,2.78
0.573,2.78
0.573,2.78
0.573,2.78
0.573,2.78
0.573,2.78
0.573,2.78
0.573,2.78
0.573,2.78
0.573,2.78
0.573,2.78
0.573,2.78
0.573,2.78
0.573,2.78
0.573,2.78
1.1459,2.78
1.1459,2.78
1.1459,2.78
1.7189,2.78
1.7189,2.78
1.7189,2.78
2.2918,2.78
2.2918,2.78
2.2918,2.78
2.2918,2.78
2.8648,2.78
2.8648,2.78
2.8648,2.78
2.8648,2.78
2.8648,2.78
3.4377,2.78
3.4377,2.78
4.0107,2.78
4.0107,2.78
4.5837,2.78
5.1566,2.78
5.7296,2.78
6.3025,2.78
6.8755,2.78
7.4485,2.78
8.0214,2.78
8.5944,2.78
8.5944,2.78
9.1673,2.78
9.1673,2.78
9.7403,2.78
9.7403,2.78
10.3132,2.78
10.3132,2.78
10.8862,2.78
10.8862,2.78
11.4592,2.78
11.4592,2.78
12.0321,2.78
12.0321,2.78
12.6051,2.78
13.178,2.78
13.178,2.78
13.751,2.78
14.8969,2.78
15.4699,2.78
16.0428,2.78
16.6158,2.78
17.1887,2.78
17.7617,2.78
18.3346,2.78
18.3346,2.78
18.9076,2.78
18.9076,2.78
19.4806,2.78
19.4806,2.78
20.0535,2.78
20.0535,2.78
20.6265,2.78
20.6265,2.78
21.1994,2.78
21.7724,2.78
21.7724,2.78
22.3454,2.78
22.9183,2.78
23.4913,2.78
24.0642,2.78
24.0642,2.78
24.6372,2.78
24.6372,2.78
25.2101,2.78
25.2101,2.78
25.7831,2.78
25.7831,2.78
26.3561,2.78
26.929,2.78
26.929,2.78
27.502,2.78
27.502,2.78
28.0749,2.78
28.0749,2.78
28.0749,2.78
28.6479,2.78
28.6479,2.78
29.2208,2.78
29.2208,2.78
29.7938,2.78
29.7938,2.78
29.7938,2.78
30.3668,2.78
30.3668,2.78
30.3668,2.78
30.3668,2.78
30.3668,2.78
30.3668,2.78
30.3668,2.78
30.3668,2.78
30.3668,2.78
29.7938,2.78
29.7938,2.78
29.2208,2.78
29.2208,2.78
29.2208,2.78
29.2208,2.78
28.6479,2.78
28.6479,2.78
28.0749,2.78
28.0749,2.78
27.502,2.78
26.929,2.78
25.7831,2.78
24.6372,2.78
23.4913,2.78
21.7724,2.78
21.1994,2.78
20.0535,2.78
19.4806,2.78
19.4806,2.78
18.9076,2.78
18.3346,2.78
18.3346,2.78
18.3346,2.78
17.7617,2.78
17.7617,2.78
17.1887,2.78
16.6158,2.78
16.0428,2.78
15.4699,2.78
14.8969,2.78
14.3239,2.78
14.3239,2.78
13.751,2.78
13.178,2.78
12.6051,2.78
12.0321,2.78
10.8862,2.78
10.3132,2.78
9.1673,2.78
8.5944,2.78
8.0214,2.78
8.0214,2.78
7.4485,2.78
6.8755,2.78
6.8755,2.78
6.3025,2.78
5.7296,2.78
5.7296,2.78
5.1566,2.78
5.1566,2.78
4.5837,2.78
4.5837,2.77
4.0107,2.77
4.0107,2.77
3.4377,2.77
2.8648,2.77
2.2918,2.77
1.7189,2.77
1.1459,2.77
0.573,2.77
-0.0,2.76
-0.573,2.76
-1.1459,2.76
-1.7189,2.76
-2.2918,2.76
-2.2918,2.76
-2.8648,2.76
-3.4377,2.75
-4.0107,2.75
-4.5837,2.75
-5.1566,2.75
-5.7296,2.75
-6.3025,2.75
-6.8755,2.75
-7.4485,2.75
-7.4485,2.75
-8.0214,2.74
-8.5944,2.74
-9.7403,2.74
-10.8862,2.74
-12.0321,2.74
-13.178,2.74
-13.751,2.74
-14.8969,2.74
-15.4699,2.74
-16.0428,2.74
-16.6158,2.74
-17.1887,2.74
-17.7617,2.74
-18.3346,2.74
-18.9076,2.74
-19.4806,2.74
-20.0535,2.74
-21.1994,2.74
-21.7724,2.74
-22.3454,2.74
-22.9183,2.74
-23.4913,2.74
-24.6372,2.74
-25.7831,2.74
-26.3561,2.74
-27.502,2.74
-28.6479,2.74
-29.7938,2.74
-30.3668,2.74
-30.9397,2.74
-31.5127,2.74
-32.0856,2.74
-32.0856,2.74
-32.6586,2.74
-32.6586,2.74
-33.2316,2.74
-33.8045,2.74
-33.8045,2.74
-34.3775,2.74
-34.9504,2.74
-34.9504,2.74
-35.5234,2.74
-35.5234,2.74
-35.5234,2.74
-35.5234,2.74
-35.5234,2.74
-35.5234,2.74
-35.5234,2.74
-35.5234,2.74
-35.5234,2.74
-35.5234,2.74
-35.5234,2.74
-35.5234,2.74
-35.5234,2.74
-35.5234,2.74
-34.9504,2.74
-34.9504,2.74
-34.3775,2.74
-33.8045,2.74
-33.2316,2.74
-32.6586,2.74
-32.6586,2.74
-32.0856,2.74
-32.0856,2.74
-32.0856,2.74
-31.5127,2.74
-31.5127,2.74
-30.9397,2.74
-30.3668,2.74
-29.7938,2.74
-28.6479,2.74
-28.0749,2.74
-26.929,2.74
-25.7831,2.74
-24.6372,2.74
-23.4913,2.75
-22.9183,2.75
-22.3454,2.75
-22.3454,2.75
-21.7724,2.75
-21.1994,2.75
-21.1994,2.75
-20.6265,2.76
-20.0535,2.76
-20.0535,2.76
-19.4806,2.76
-18.9076,2.76
-18.3346,2.76
-17.7617,2.76
-16.6158,2.76
-16.0428,2.76
-14.8969,2.76
-14.3239,2.77
-13.178,2.77
-12.0321,2.77
-10.8862,2.77
-10.3132,2.77
-9.7403,2.77
-9.1673,2.77
-8.5944,2.77
-8.0214,2.77
-7.4485,2.77
-7.4485,2.77
-6.8755,2.77
-6.3025,2.78
-6.3025,2.78
-5.7296,2.78
-5.1566,2.78
-4.5837,2.78
-4.0107,2.78
-3.4377,2.78
-2.8648,2.78
-1.7189,2.78
-1.1459,2.78
0.0,2.78
1.1459,2.78
1.7189,2.78
2.2918,2.78
2.2918,2.78
2.8648,2.78
2.8648,2.78
2.8648,2.78
2.8648,2.78
2.8648,2.78
3.4377,2.78
3.4377,2.78
3.4377,2.78
3.4377,2.78
3.4377,2.78
4.0107,2.78
4.0107,2.77
4.0107,2.77
4.5837,2.77
4.5837,2.77
4.5837,2.76
4.5837,2.76
4.0107,2.76
4.0107,2.75
4.0107,2.75
3.4377,2.74
3.4377,2.74
3.4377,2.73
3.4377,2.73
3.4377,2.72
3.4377,2.72
3.4377,2.71
3.4377,2.71
3.4377,2.7
3.4377,2.69
3.4377,2.68
2.8648,2.67
2.8648,2.66
2.8648,2.65
2.8648,2.64
2.8648,2.62
2.8648,2.6
3.4377,2.59
4.0107,2.57
4.5837,2.55
4.5837,2.53
5.1566,2.51
5.1566,2.49
5.1566,2.47
5.1566,2.45
4.5837,2.44
4.0107,2.42
3.4377,2.4
2.8648,2.37
2.2918,2.36
2.2918,2.33
2.2918,2.31
2.8648,2.29
2.8648,2.27
2.8648,2.24
2.8648,2.2
2.8648,2.2
2.2918,2.18
1.7189,2.15
1.1459,2.13
0.573,2.11
-0.0,2.09
-0.573,2.06
-1.1459,2.04
-1.1459,2.02
-1.1459,1.98
-1.7189,1.98
-1.7189,1.96
-2.2918,1.93
-2.2918,1.91
-2.2918,1.88
-2.8648,1.87
-2.8648,1.84
-3.4377,1.81
-4.0107,1.78
-4.0107,1.73
-4.5837,1.68
-4.5837,1.65
-4.5837,1.6
-4.5837,1.57
-5.1566,1.53
-5.1566,1.49
-5.7296,1.45
-6.3025,1.42
-6.8755,1.37
-6.8755,1.34
-7.4485,1.3
-6.8755,1.26
-6.8755,1.21
-6.8755,1.18
-6.3025,1.13
-5.7296,1.1
-5.7296,1.05
-5.7296,1.01
-5.7296,0.96
-5.7296,0.93
-5.7296,0.88
-5.1566,0.85
-5.1566,0.8
-5.1566,0.76
-5.1566,0.72
-5.1566,0.68
-5.1566,0.63
-4.5837,0.6
-4.5837,0.53
-4.5837,0.49
-4.5837,0.44
-4.5837,0.37
-4.5837,0.45
-4.5837,0.5
-4.5837,0.25
-4.5837,0.26
-4.0107,0.27
-4.0107,0.27
-4.0107,0.02
-2.8648,0.05
-2.8648,0.1
-2.8648,0.15
-2.8648,0.25
-2.8648,0.25
-2.8648,0.25
-2.8648,0.25
-2.8648,0.31
-3.4377,0.36
-4.0107,0.47
-4.5837,0.5
-5.7296,0.64
-6.8755,0.7
-8.5944,0.77
-9.7403,0.81
-10.8862,0.85
-12.0321,0.88
-13.178,0.95
-14.3239,0.98
-15.4699,1.02
-16.6158,1.05
-17.7617,1.09
-17.7617,1.11
-18.3346,1.15
-18.3346,1.19
-17.7617,1.25
-17.7617,1.31
-17.7617,1.37
-17.1887,1.42
-17.1887,1.48
-17.1887,1.51
-16.6158,1.56
-16.6158,1.59
-16.6158,1.63
-16.6158,1.66
-16.6158,1.69
-16.6158,1.72
-16.0428,1.75
-16.0428,1.77
-16.0428,1.8
-15.4699,1.82
-15.4699,1.84
-14.8969,1.86
-14.8969,1.9
-14.3239,1.94
-14.3239,1.98
-13.751,2.0
-13.178,2.05
-12.0321,2.08
-11.4592,2.12
-10.3132,2.14
-9.7403,2.17
-9.1673,2.19
-8.5944,2.21
-8.0214,2.24
-8.0214,2.25
-7.4485,2.27
-7.4485,2.29
-6.8755,2.31
-6.8755,2.33
-6.3025,2.34
-5.7296,2.36
-5.1566,2.37
-4.5837,2.4
-4.0107,2.41
-3.4377,2.43
-2.8648,2.45
-2.2918,2.48
-1.1459,2.5
-0.573,2.52
0.573,2.54
1.7189,2.55
2.2918,2.57
2.8648,2.58
3.4377,2.6
4.0107,2.61
4.0107,2.62
4.5837,2.63
4.5837,2.64
4.5837,2.65
4.5837,2.66
4.5837,2.67
5.1566,2.67
5.7296,2.68
5.7296,2.69
6.3025,2.7
6.3025,2.71
6.3025,2.71
6.3025,2.72
6.3025,2.73
6.3025,2.74
6.8755,2.74
6.8755,2.75
6.8755,2.75
6.3025,2.75
6.3025,2.76
5.7296,2.76
5.7296,2.76
5.1566,2.77
5.1566,2.77
5.1566,2.77
4.5837,2.77
4.5837,2.77
4.0107,2.77
4.0107,2.77
3.4377,2.77
3.4377,2.77
3.4377,2.78
3.4377,2.78
2.8648,2.78
2.2918,2.78
1.7189,2.78
1.1459,2.78
0.0,2.78
-0.573,2.78
-1.1459,2.78
-1.7189,2.78
-2.2918,2.78
-2.8648,2.78
-2.8648,2.78
-3.4377,2.78
-3.4377,2.78
-4.0107,2.78
-4.5837,2.78
-5.1566,2.78
-5.1566,2.78
-5.7296,2.78
-6.3025,2.78
-6.8755,2.78
-7.4485,2.78
-8.0214,2.78
-8.5944,2.78
-9.1673,2.78
-10.3132,2.78
-10.8862,2.78
-12.0321,2.78
-12.6051,2.78
-13.751,2.78
-14.3239,2.78
-14.8969,2.78
-15.4699,2.78
-16.0428,2.78
-16.0428,2.78
-16.6158,2.78
-16.6158,2.78
-17.1887,2.78
-17.7617,2.78
-17.7617,2.78
-18.3346,2.78
-18.9076,2.78
-18.9076,2.78
-19.4806,2.78
-19.4806,2.78
-20.0535,2.78
-20.0535,2.78
-20.6265,2.78
-21.1994,2.78
-21.1994,2.78
-21.7724,2.78
-21.7724,2.78
-21.7724,2.78
-22.3454,2.78
-22.3454,2.78
-22.3454,2.78
-22.9183,2.78
-22.9183,2.78
-22.9183,2.78
-23.4913,2.78
-23.4913,2.78
-23.4913,2.78
-23.4913,2.78
-23.4913,2.78
-23.4913,2.78
-23.4913,2.78
-23.4913,2.78
-22.9183,2.78
-22.9183,2.78
-22.9183,2.78
-22.3454,2.78
-22.3454,2.78
-22.3454,2.78
-21.7724,2.78
-21.7724,2.78
-21.7724,2.78
-21.7724,2.78
-21.7724,2.78
-21.7724,2.78
-21.1994,2.78
-21.1994,2.78
-21.1994,2.78
-21.1994,2.78
-21.1994,2.78
-21.1994,2.78
-21.1994,2.78
-20.6265,2.78
-20.6265,2.78
-20.0535,2.78
-19.4806,2.78
-18.9076,2.78
-18.9076,2.78
-18.3346,2.78
-17.7617,2.78
-17.7617,2.78
-17.7617,2.78
-17.7617,2.78
-17.7617,2.78
-17.1887,2.78
-17.1887,2.78
-17.1887,2.78
-17.1887,2.78
-16.6158,2.78
-16.6158,2.78
-16.6158,2.78
-16.0428,2.78
-16.0428,2.78
-16.0428,2.78
-15.4699,2.78
-14.8969,2.78
-14.8969,2.78
-14.3239,2.78
-13.751,2.78
-13.751,2.78
-13.178,2.78
-13.178,2.78
-13.178,2.78
-13.178,2.78
-12.6051,2.78
-12.6051,2.78
-12.6051,2.78
-12.6051,2.78
-12.6051,2.78
-12.6051,2.78
-12.0321,2.78
-12.0321,2.78
-12.0321,2.78
-12.0321,2.78
-11.4592,2.78
-10.8862,2.78
-10.3132,2.78
-10.3132,2.78
-9.7403,2.78
-9.1673,2.78
-9.1673,2.78
-9.1673,2.78
-8.5944,2.78
-8.5944,2.78
-8.5944,2.78
-8.5944,2.78
-8.5944,2.78
-8.5944,2.78
-8.0214,2.78
-8.0214,2.78
-8.0214,2.78
-8.0214,2.78
-8.0214,2.78
-7.4485,2.78
-7.4485,2.78
-7.4485,2.78
-6.8755,2.78
-6.8755,2.78
-6.3025,2.78
-6.3025,2.78
-5.7296,2.78
-5.7296,2.78
-5.7296,2.78
-5.1566,2.78
-5.1566,2.78
-5.1566,2.78
-5.1566,2.78
-5.1566,2.78
-5.1566,2.78
-5.1566,2.78
-5.1566,2.78
-4.5837,2.78
-4.5837,2.78
-4.5837,2.78
-4.5837,2.78
-4.0107,2.78
-4.0107,2.78
-4.0107,2.78
-4.0107,2.78
-3.4377,2.78
-3.4377,2.78
-3.4377,2.78
-2.8648,2.78
-2.8648,2.78
-2.8648,2.78
-2.8648,2.78
-2.8648,2.78
-2.8648,2.78
-2.2918,2.78
-2.2918,2.78
-2.2918,2.78
-2.2918,2.78
-2.2918,2.78
-2.2918,2.78
-2.2918,2.78
-2.2918,2.78
-2.2918,2.78
-1.7189,2.78
-1.7189,2.78
-1.7189,2.78
-1.1459,2.78
-1.1459,2.78
-1.1459,2.78
-1.1459,2.78
-1.1459,2.78
-0.573,2.78
-0.573,2.78
-0.573,2.78
-0.573,2.78
-0.573,2.78
-0.573,2.78
-0.573,2.78
-0.573,2.78
-0.573,2.78
-0.573,2.78
-0.573,2.78
-0.573,2.78
-0.573,2.78
-0.573,2.78
-0.573,2.78
-0.573,2.78
-0.573,2.78
-0.573,2.78
-0.573,2.78
-0.573,2.78
-0.573,2.78
-0.573,2.78
-1.1459,2.78
-1.1459,2.78
-0.573,2.78
-0.573,2.78
-0.573,2.78
-0.573,2.78
-0.573,2.78
-0.573,2.78
-0.573,2.78
-0.573,2.78
-0.573,2.78
-0.573,2.78
-0.573,2.78
-0.573,2.78
-0.573,2.78
-0.573,2.78
-0.573,2.78
-0.0,2.78
-0.0,2.78
-0.0,2.78
-0.0,2.78
-0.0,2.78
-0.0,2.78
0.0,2.78
0.0,2.78
-0.0,2.78
-0.0,2.78
-0.0,2.78
-0.0,2.78
-0.0,2.78
-0.0,2.78
-0.0,2.78
-0.0,2.78
-0.0,2.78
-0.0,2.78
-0.0,2.78
-0.0,2.78
-0.0,2.78
-0.0,2.78
-0.0,2.78
-0.0,2.78
-0.0,2.78
-0.0,2.78
0.0,2.78
0.0,2.78
0.0,2.78
0.0,2.78
0.0,2.78
0.0,2.78
0.0,2.78
0.0,2.78
0.0,2.78
0.0,2.78
0.0,2.78
0.0,2.78
-0.0,2.78
-0.0,2.78
-0.0,2.78
-0.0,2.78
-0.0,2.78
-0.0,2.78
-0.0,2.78
-0.0,2.78
-0.0,2.78
-0.0,2.78
-0.0,2.78
-0.0,2.78
-0.0,2.78
-0.0,2.78
-0.0,2.78
-0.0,2.78
-0.0,2.78
-0.0,2.78
-0.0,2.78
-0.0,2.78
-0.0,2.78
-0.0,2.78
-0.0,2.78
-0.0,2.78
-0.0,2.78
-0.0,2.78
-0.0,2.78
-0.0,2.78
-0.0,2.78
-0.0,2.78
-0.0,2.78
-0.0,2.78
-0.0,2.78
-0.0,2.78
-0.0,2.78
-0.0,2.78
-0.0,2.78
-0.0,2.78
-0.0,2.78
-0.0,2.78
-0.0,2.78
-0.0,2.78
-0.0,2.78
-0.0,2.78
-0.0,2.78
-0.0,2.78
-0.0,2.78
-0.0,2.78
-0.0,2.78
-0.0,2.78
-0.0,2.78
-0.0,2.78
-0.0,2.78
-0.0,2.78
-0.0,2.78
-0.0,2.78
-0.0,2.78
-0.0,2.78
-0.0,2.78
-0.0,2.78
-0.0,2.78
-0.0,2.78
-0.0,2.78
-0.0,2.78
-0.0,2.78
-0.0,2.78
-0.0,2.78
-0.0,2.78
-0.0,2.78
-0.0,2.78
-0.0,2.78
-0.0,2.78
-0.0,2.78
-0.0,2.78
-0.0,2.78
-0.0,2.78
0.0,2.78
0.0,2.78
0.0,2.78
0.0,2.78
0.0,2.78
0.0,2.78
0.0,2.78
0.0,2.78
0.0,2.78
0.0,2.78
0.0,2.78
0.0,2.78
-0.0,2.78
-0.0,2.78
-0.0,2.78
-0.0,2.78
-0.0,2.78
-0.0,2.78
-0.0,2.78
-0.0,2.78
-0.0,2.78
-0.0,2.78
-0.0,2.78
-0.0,2.78
-0.0,2.78
-0.0,2.78
-0.0,2.78
0.0,2.78
0.0,2.78
0.0,2.78
0.0,2.78
0.0,2.78
0.0,2.78
0.0,2.78
0.0,2.78
0.0,2.78
0.0,2.78
0.0,2.78
0.0,2.78
0.0,2.78
0.0,2.78
0.0,2.78
0.0,2.78
0.0,2.78
0.0,2.78
0.0,2.78
0.0,2.78
0.0,2.78
0.0,2.78
0.0,2.78
0.0,2.78
0.0,2.78
0.0,2.78
0.0,2.78
0.0,2.78
0.0,2.78
0.0,2.78
0.0,2.78
0.0,2.78
0.0,2.78
0.0,2.78
0.0,2.78
0.0,2.78
0.0,2.78
0.0,2.78
0.0,2.78
0.0,2.78
0.0,2.78
0.0,2.78
0.0,2.78
0.0,2.78
0.0,2.78
0.0,2.78
0.0,2.78
0.0,2.78
0.0,2.78
0.0,2.78
-0.0,2.78
-0.0,2.78
-0.0,2.78
-0.0,2.78
-0.0,2.78
-0.0,2.78
-0.0,2.78
-0.0,2.78
-0.0,2.78
-0.0,2.78
-0.0,2.78
-0.0,2.78
-0.0,2.78
-0.0,2.78
-0.0,2.78
0.0,2.78
0.0,2.78
0.0,2.78
0.0,2.78
0.0,2.78
0.0,2.78
0.0,2.78
0.0,2.78
0.0,2.78
0.0,2.78
0.0,2.78
-0.0,2.78
-0.0,2.78
-0.0,2.78
-0.0,2.78
-0.0,2.78
-0.0,2.78
-0.0,2.78
0.0,2.78
0.0,2.78
0.0,2.78
0.0,2.78
0.0,2.78
0.0,2.78
0.0,2.78
0.0,2.78
0.0,2.78
0.0,2.78
0.0,2.78
0.0,2.78
0.0,2.78
0.0,2.78
0.0,2.78
0.0,2.78
0.0,2.78
0.0,2.78
0.0,2.78
0.0,2.78
0.0,2.78
0.0,2.78
0.0,2.78
0.0,2.78
0.0,2.78
0.0,2.78
0.0,2.78
0.0,2.78
0.0,2.78
0.0,2.78
0.0,2.78
0.0,2.78
0.0,2.78
-0.0,2.78
-0.0,2.78
-0.0,2.78
-0.0,2.78
-0.573,2.78
-0.573,2.78
-0.573,2.78
-0.573,2.78
-0.573,2.78
-0.573,2.78
-0.573,2.78
-0.573,2.78
-0.0,2.78
-0.0,2.78
-0.0,2.78
-0.0,2.78
-0.0,2.78
-0.0,2.78
-0.0,2.78
-0.0,2.78
-0.0,2.78
-0.0,2.78
-0.0,2.78
-0.0,2.78
-0.0,2.78
-0.0,2.78
-0.0,2.78
-0.0,2.78
-0.0,2.78
-0.0,2.78
-0.0,2.78
-0.0,2.78
-0.0,2.78
-0.0,2.78
-0.0,2.78
-0.0,2.78
-0.0,2.78
-0.0,2.78
0.0,2.78
0.0,2.78
0.0,2.78
0.0,2.78
0.0,2.78
0.0,2.78
0.0,2.78
0.0,2.78
0.0,2.78
-0.0,2.78
-0.0,2.78
-0.0,2.78
-0.0,2.78
-0.0,2.78
0.0,2.78
0.0,2.78
0.0,2.78
0.0,2.78
0.0,2.78
0.0,2.78
0.0,2.78
0.0,2.78
0.0,2.78
0.573,2.78
0.573,2.78
0.573,2.78
1.1459,2.78
1.1459,2.78
1.1459,2.78
1.1459,2.78
1.1459,2.78
1.1459,2.78
1.1459,2.78
1.1459,2.78
1.7189,2.78
1.7189,2.78
1.7189,2.78
1.7189,2.78
1.7189,2.78
1.7189,2.78
1.7189,2.78
1.7189,2.78
2.2918,2.78
2.2918,2.78
2.2918,2.78
2.2918,2.78
2.8648,2.77
2.8648,2.77
2.8648,2.77
2.8648,2.77
3.4377,2.77
3.4377,2.76
3.4377,2.76
3.4377,2.76
4.0107,2.75
4.0107,2.75
4.0107,2.75
4.0107,2.74
4.0107,2.74
4.0107,2.73
4.0107,2.73
4.0107,2.72
4.0107,2.71
3.4377,2.71
3.4377,2.7
2.8648,2.7
2.8648,2.69
2.2918,2.68
2.8648,2.67
2.8648,2.66
3.4377,2.64
4.0107,2.63
4.0107,2.61
4.5837,2.6
4.5837,2.58
4.5837,2.57
4.5837,2.55
4.5837,2.54
4.5837,2.52
4.5837,2.51
4.5837,2.49
4.5837,2.47
4.5837,2.45
4.0107,2.44
4.0107,2.42
4.0107,2.4
4.0107,2.38
3.4377,2.37
3.4377,2.35
3.4377,2.34
3.4377,2.31
3.4377,2.3
2.8648,2.28
2.8648,2.26
2.2918,2.24
2.2918,2.22
1.7189,2.2
1.7189,2.17
1.1459,2.15
1.1459,2.11
0.573,2.07
0.0,2.04
-0.0,2.01
-0.573,1.98
-1.1459,1.95
-1.1459,1.93
-1.7189,1.89
-2.2918,1.87
-2.2918,1.83
-2.2918,1.81
-2.8648,1.77
-2.8648,1.75
-2.8648,1.71
-3.4377,1.69
-4.0107,1.65
-4.5837,1.62
-5.1566,1.59
-5.7296,1.56
-6.3025,1.53
-6.8755,1.5
-6.8755,1.47
-7.4485,1.44
-7.4485,1.4
-8.0214,1.38
-8.0214,1.34
-8.5944,1.32
-8.5944,1.28
-9.1673,1.25
-9.7403,1.21
-9.7403,1.19
-10.3132,1.15
-10.3132,1.13
-10.8862,1.09
-10.8862,1.06
-10.8862,1.02
-10.8862,1.0
-11.4592,0.96
-11.4592,0.93
-11.4592,0.89
-11.4592,0.86
-11.4592,0.82
-10.8862,0.8
-10.8862,0.76
-10.3132,0.73
-10.3132,0.69
-9.7403,0.66
-9.7403,0.62
-9.7403,0.59
-9.7403,0.55
-9.7403,0.52
-9.1673,0.47
-9.1673,0.44
-9.1673,0.4
-8.5944,0.15
-2.8648,0.05
-5.7296,0.1
-6.8755,0.15
-6.8755,0.25
-6.8755,0.25
-6.8755,0.25
-6.8755,0.25
-6.8755,0.28
-6.8755,0.34
-7.4485,0.42
-7.4485,0.48
-8.0214,0.58
-8.5944,0.64
-9.1673,0.69
-9.7403,0.73
-10.3132,0.78
-10.3132,0.81
-10.3132,0.85
-10.3132,0.89
-10.3132,0.92
-10.3132,0.94
-10.3132,0.98
-10.3132,1.0
-10.3132,1.03
-10.3132,1.06
-10.3132,1.12
-10.3132,1.15
-10.3132,1.23
-10.8862,1.28
-10.8862,1.34
-10.8862,1.38
-10.8862,1.43
-11.4592,1.47
-11.4592,1.5
-11.4592,1.54
-12.0321,1.57
-12.0321,1.59
-12.0321,1.62
-12.0321,1.65
-12.0321,1.67
-12.6051,1.7
-12.6051,1.72
-12.6051,1.74
-12.6051,1.76
-12.6051,1.78
-13.178,1.82
-13.178,1.84
-13.178,1.89
-13.178,1.93
-13.751,1.97
-14.3239,2.0
-14.8969,2.04
-15.4699,2.07
-15.4699,2.09
-16.0428,2.12
-16.6158,2.14
-17.1887,2.16
-17.1887,2.18
-17.7617,2.2
-18.3346,2.22
-18.3346,2.24
-18.9076,2.25
-19.4806,2.27
-19.4806,2.29
-20.0535,2.3
-20.0535,2.32
-20.6265,2.33
-20.6265,2.34
-21.1994,2.36
-21.7724,2.38
-21.7724,2.39
-22.3454,2.42
-22.9183,2.44
-23.4913,2.46
-24.6372,2.48
-25.2101,2.5
-25.7831,2.52
-26.929,2.53
-27.502,2.55
-27.502,2.56
-28.0749,2.57
-28.0749,2.58
-28.6479,2.59
-28.6479,2.6
-28.6479,2.61
-29.2208,2.62
-29.2208,2.62
-29.7938,2.63
-29.7938,2.64
-29.7938,2.64
-30.3668,2.65
-30.3668,2.66
-30.3668,2.66
-30.3668,2.67
-30.3668,2.68
-30.3668,2.68
-29.7938,2.69
-29.2208,2.7
-28.6479,2.7
-28.0749,2.71
-27.502,2.71
-26.929,2.72
-26.3561,2.72
-25.7831,2.72
-25.2101,2.72
-25.2101,2.73
-24.6372,2.73
-24.6372,2.73
-24.0642,2.74
-24.0642,2.74
-23.4913,2.74
-22.9183,2.74
-22.9183,2.74
-22.3454,2.74
-21.7724,2.75
-21.1994,2.75
-20.6265,2.75
-20.0535,2.75
-20.0535,2.75
-19.4806,2.75
-19.4806,2.76
-18.9076,2.76
-18.3346,2.76
-17.1887,2.76
-16.6158,2.76
-15.4699,2.77
-14.8969,2.77
-13.751,2.77
-13.178,2.77
-13.178,2.77
-12.6051,2.77
-12.6051,2.77
-12.6051,2.77
-12.0321,2.77
-12.0321,2.77
-11.4592,2.77
-11.4592,2.78
-10.8862,2.78
-10.8862,2.78
-10.3132,2.78
-9.7403,2.78
-9.7403,2.78
-9.1673,2.78
-8.5944,2.78
-8.0214,2.78
-7.4485,2.78
-6.8755,2.78
-6.3025,2.78
-5.7296,2.78
-5.1566,2.78
-5.1566,2.78
-5.1566,2.78
-4.5837,2.78
-4.5837,2.78
-4.5837,2.78
-4.0107,2.78
-4.0107,2.78
-4.0107,2.78
-4.0107,2.78
-4.0107,2.78
-4.0107,2.78
-4.0107,2.78
-4.0107,2.78
-4.0107,2.78
-3.4377,2.78
-2.8648,2.78
-2.2918,2.78
-1.7189,2.78
-1.1459,2.78
-0.573,2.78
-0.573,2.78
-0.0,2.78
-0.0,2.78
-0.0,2.78
-0.0,2.78
-0.0,2.78
-0.0,2.78
-0.0,2.78
-0.0,2.78
0.0,2.78
0.0,2.78
0.0,2.78
0.0,2.78
0.573,2.78
0.573,2.78
0.573,2.78
0.573,2.78
0.573,2.78
0.573,2.78
1.1459,2.78
1.1459,2.78
1.1459,2.78
1.1459,2.78
1.1459,2.78
1.1459,2.78
1.1459,2.78
1.1459,2.78
1.1459,2.78
1.1459,2.78
1.1459,2.78
1.1459,2.78
1.1459,2.78
1.1459,2.78
1.1459,2.78
1.1459,2.78
1.1459,2.78
1.1459,2.78
1.1459,2.78
1.1459,2.78
1.1459,2.78
1.1459,2.78
1.1459,2.78
1.1459,2.78
1.1459,2.78
1.1459,2.78
1.1459,2.78
1.1459,2.78
1.1459,2.78
1.1459,2.78
1.1459,2.78
1.1459,2.78
1.1459,2.78
1.1459,2.78
1.1459,2.78
1.1459,2.78
1.1459,2.78
1.1459,2.78
1.1459,2.78
1.1459,2.78
1.1459,2.78
1.1459,2.78
1.1459,2.78
0.573,2.78
0.573,2.78
0.573,2.78
0.573,2.78
0.573,2.78
0.573,2.78
0.573,2.78
0.573,2.78
0.573,2.78
0.573,2.78
0.573,2.78
0.573,2.78
0.573,2.78
0.573,2.78
0.573,2.78
0.573,2.78
0.573,2.78
0.573,2.78
0.573,2.78
0.573,2.78
0.0,2.78
0.0,2.78
0.0,2.78
0.0,2.78
0.0,2.78
0.0,2.78
0.0,2.78
0.0,2.78
0.0,2.78
0.0,2.78
0.0,2.78
-0.0,2.78
-0.0,2.78
-0.0,2.78
-0.0,2.78
-0.0,2.78
-0.0,2.78
-0.0,2.78
-0.0,2.78
-0.0,2.78
-0.0,2.78
-0.0,2.78
-0.0,2.78
-0.0,2.78
-0.0,2.78
-0.0,2.78
-0.0,2.78
-0.0,2.78
-0.0,2.78
-0.0,2.78
-0.0,2.78
-0.0,2.78
-0.0,2.78
-0.0,2.78
-0.0,2.78
-0.573,2.78
-0.573,2.78
-0.573,2.78
-0.573,2.78
-0.573,2.78
-0.573,2.78
-0.573,2.78
-0.573,2.78
-0.573,2.78
-0.573,2.78
-0.573,2.78
-0.573,2.78
-0.573,2.78
-0.573,2.78
-0.573,2.78
-0.573,2.78
-0.573,2.78
-0.573,2.78
-0.573,2.78
-0.573,2.78
-0.573,2.78
-0.573,2.78
-0.573,2.78
-0.573,2.78
-0.573,2.78
-0.573,2.78
-0.573,2.78
-0.573,2.78
-0.573,2.78
-0.573,2.78
-0.573,2.78
-0.573,2.78
-0.573,2.78
-0.573,2.78
-0.573,2.78
-0.573,2.78
-0.573,2.78
-0.573,2.78
-0.573,2.78
-0.573,2.78
-0.573,2.78
-0.573,2.78
-0.573,2.78
-0.573,2.78
-0.573,2.78
-0.573,2.78
-0.573,2.78
-0.573,2.78
-0.573,2.78
-0.573,2.78
-0.573,2.78
-1.1459,2.78
-1.1459,2.78
-1.1459,2.78
-1.1459,2.78
-0.573,2.78
-0.573,2.78
-0.573,2.78
-0.573,2.78
-0.573,2.78
-0.573,2.78
-1.1459,2.78
-1.1459,2.78
-1.1459,2.78
-1.1459,2.78
-1.1459,2.78
-1.1459,2.78
-1.1459,2.78
-1.1459,2.78
-1.1459,2.78
-1.1459,2.78
-1.1459,2.78
-1.1459,2.78
-1.1459,2.78
-1.1459,2.78
-1.1459,2.78
-1.1459,2.78
-1.1459,2.78
-1.1459,2.78
-1.1459,2.78
-1.1459,2.78
-1.1459,2.78
-1.1459,2.78
-1.1459,2.78
-1.1459,2.78
-1.1459,2.78
-1.1459,2.78
-1.1459,2.78
-1.1459,2.78
-1.1459,2.78
-1.1459,2.78
-1.1459,2.78
-1.1459,2.78
-1.1459,2.78
-1.1459,2.78
-1.1459,2.78
-1.1459,2.78
-0.573,2.78
-0.573,2.78
-0.573,2.78
-1.1459,2.78
-1.1459,2.78
-1.1459,2.78
-0.573,2.78
-0.573,2.78
-0.573,2.78
-0.573,2.78
-0.573,2.78
-0.573,2.78
-0.573,2.78
-0.573,2.78
-0.573,2.78
-0.573,2.78
-0.573,2.78
-0.573,2.78
-0.0,2.78
-0.0,2.78
0.0,2.78
0.0,2.78
0.0,2.78
0.573,2.78
0.573,2.78
0.573,2.78
0.573,2.78
0.573,2.78
0.573,2.78
0.573,2.78
0.573,2.78
0.573,2.78
0.573,2.78
1.1459,2.78
1.1459,2.78
1.1459,2.78
1.1459,2.78
1.7189,2.78
1.7189,2.78
1.7189,2.78
2.2918,2.78
2.2918,2.78
2.8648,2.77
2.8648,2.77
2.8648,2.77
2.8648,2.77
2.8648,2.77
2.8648,2.76
2.8648,2.76
3.4377,2.76
3.4377,2.76
3.4377,2.75
3.4377,2.75
3.4377,2.75
3.4377,2.74
3.4377,2.74
2.8648,2.73
2.2918,2.73
1.7189,2.72
1.7189,2.71
1.7189,2.7
1.7189,2.69
2.2918,2.68
2.8648,2.67
2.8648,2.66
3.4377,2.65
3.4377,2.64
4.0107,2.63
4.0107,2.62
3.4377,2.61
3.4377,2.6
3.4377,2.59
3.4377,2.57
2.8648,2.56
3.4377,2.55
3.4377,2.54
3.4377,2.52
4.0107,2.51
4.0107,2.5
4.0107,2.49
4.0107,2.47
3.4377,2.46
2.8648,2.44
2.2918,2.42
1.7189,2.39
1.1459,2.37
0.573,2.34
0.0,2.31
-0.573,2.28
-1.1459,2.26
-1.7189,2.23
-2.2918,2.21
-2.8648,2.18
-2.8648,2.16
-3.4377,2.13
-3.4377,2.1
-4.0107,2.08
-4.5837,2.05
-5.1566,2.02
-5.7296,2.0
-6.3025,1.97
-7.4485,1.94
-8.0214,1.91
-9.1673,1.89
-9.7403,1.86
-10.3132,1.83
-10.8862,1.8
-11.4592,1.78
-12.6051,1.75
-13.751,1.72
-14.3239,1.69
-15.4699,1.67
-16.0428,1.64
-16.6158,1.61
-17.1887,1.58
-17.7617,1.55
-18.9076,1.52
-19.4806,1.49
-20.0535,1.46
-21.1994,1.44
-21.7724,1.41
-22.3454,1.38
-22.9183,1.35
-22.9183,1.32
-23.4913,1.29
-24.0642,1.26
-24.6372,1.23
-24.6372,1.2
-25.2101,1.17
-25.7831,1.14
-26.3561,1.11
-26.929,1.08
-27.502,1.05
-27.502,1.02
-27.502,0.98
-27.502,0.95
-26.3561,0.92
-25.7831,0.89
-24.6372,0.85
-24.0642,0.83
-24.0642,0.8
-24.0642,0.76
-24.6372,0.73
-24.6372,0.7
-24.6372,0.66
-24.6372,0.63
-24.6372,0.59
-24.0642,0.55
-22.9183,0.52
-22.3454,0.27
-21.7724,0.02
-2.8648,0.25
-5.7296,0.25
-8.5944,0.25
-11.4592,0.25
-14.3239,0.25
-17.1887,0.25
-18.3346,0.25
-18.3346,0.28
-18.3346,0.29
-18.3346,0.4
-18.9076,0.48
-19.4806,0.55
-20.0535,0.59
-20.6265,0.66
-21.1994,0.7
-21.1994,0.74
-21.1994,0.78
-20.6265,0.81
-20.6265,0.84
-20.0535,0.86
-19.4806,0.88
-19.4806,0.9
-18.9076,0.92
-18.3346,0.94
-18.3346,0.96
-17.7617,0.99
-17.7617,1.03
-17.7617,1.08
-17.7617,1.11
-17.7617,1.19
-17.1887,1.24
-17.1887,1.28
-16.6158,1.31
-16.0428,1.35
-16.0428,1.38
-15.4699,1.41
-14.8969,1.44
-14.8969,1.46
-14.3239,1.48
-14.3239,1.51
-14.3239,1.53
-14.3239,1.55
-14.3239,1.57
-14.3239,1.59
-14.3239,1.61
-14.3239,1.65
-13.751,1.69
-13.178,1.73
-12.6051,1.75
-12.0321,1.81
-10.8862,1.84
-10.3132,1.87
-10.3132,1.87
-9.1673,1.93
-8.5944,1.98
-8.5944,1.98
-8.0214,2.0
-8.0214,2.02
-8.0214,2.04
-7.4485,2.06
-7.4485,2.08
-6.8755,2.1
-6.8755,2.12
-6.8755,2.13
-6.8755,2.15
-6.3025,2.17
-6.3025,2.19
-5.7296,2.22
-5.7296,2.23
-5.1566,2.27
-4.5837,2.3
-4.0107,2.32
-3.4377,2.34
-3.4377,2.36
-3.4377,2.38
-3.4377,2.39
-4.0107,2.41
-4.0107,2.43
-4.0107,2.44
-4.5837,2.45
-4.0107,2.47
-4.0107,2.48
-4.0107,2.49
-3.4377,2.5
-3.4377,2.52
-4.0107,2.52
-4.0107,2.54
-4.5837,2.56
-4.5837,2.56
-5.1566,2.58
-5.1566,2.59
-5.7296,2.61
-6.3025,2.62
-6.3025,2.64
-6.3025,2.65
-6.8755,2.66
-6.8755,2.67
-7.4485,2.67
-7.4485,2.68
-8.0214,2.7
-8.0214,2.7
-8.5944,2.71
-8.5944,2.72
-9.1673,2.72
-9.1673,2.73
-9.1673,2.73
-9.1673,2.73
-9.7403,2.74
-9.7403,2.74
-9.7403,2.74
-9.7403,2.75
-10.3132,2.75
-10.3132,2.76
-10.3132,2.76
-10.8862,2.76
-10.8862,2.77
-10.8862,2.77
-10.8862,2.77
-10.8862,2.77
-10.8862,2.77
-10.8862,2.77
-10.8862,2.77
-10.8862,2.77
-11.4592,2.78
-11.4592,2.78
-11.4592,2.78
-11.4592,2.78
-11.4592,2.78
-11.4592,2.78
-10.8862,2.78
-10.8862,2.78
-10.8862,2.78
-10.8862,2.78
-10.3132,2.78
-10.3132,2.78
-10.3132,2.78
-10.3132,2.78
-10.3132,2.78
-10.3132,2.78
-10.3132,2.78
-10.3132,2.78
-10.3132,2.78
-10.3132,2.78
-9.7403,2.78
-9.7403,2.78
-9.7403,2.78
-9.7403,2.78
-9.7403,2.78
-9.7403,2.78
-9.1673,2.78
-9.1673,2.78
-9.1673,2.78
-8.5944,2.78
-8.5944,2.78
-8.0214,2.78
-8.0214,2.78
-7.4485,2.78
-7.4485,2.78
-7.4485,2.78
-7.4485,2.78
-6.8755,2.78
-6.8755,2.78
-6.8755,2.78
-6.8755,2.78
-6.3025,2.78
-6.3025,2.78
-6.3025,2.78
-6.3025,2.78
-6.3025,2.78
-5.7296,2.78
-5.7296,2.78
-5.7296,2.78
-5.1566,2.78
-5.1566,2.78
-4.5837,2.78
-4.5837,2.78
-4.5837,2.78
-4.0107,2.78
-4.0107,2.78
-3.4377,2.78
-3.4377,2.78
-3.4377,2.78
-3.4377,2.78
-3.4377,2.78
-3.4377,2.78
-3.4377,2.78
-3.4377,2.78
-2.8648,2.78
-2.8648,2.78
-2.8648,2.78
-2.8648,2.78
-2.2918,2.78
-2.2918,2.78
-2.2918,2.78
-1.7189,2.78
-1.7189,2.78
-1.7189,2.78
-1.7189,2.78
-1.7189,2.78
-1.7189,2.78
-1.7189,2.78
-2.2918,2.78
-2.2918,2.78
-2.2918,2.78
-2.2918,2.78
-1.7189,2.78
-1.7189,2.78
-1.7189,2.78
-1.7189,2.78
-1.1459,2.78
-1.1459,2.78
-1.1459,2.78
-1.1459,2.78
-1.1459,2.78
-0.573,2.78
-0.573,2.78
-0.573,2.78
-0.573,2.78
-0.573,2.78
-0.0,2.78
-0.0,2.78
-0.0,2.78
-0.0,2.78
-0.0,2.78
-0.0,2.78
-0.0,2.78
-0.0,2.78
-0.0,2.78
-0.0,2.78
-0.0,2.78
-0.0,2.78
-0.0,2.78
0.0,2.78
0.0,2.78
0.0,2.78
0.0,2.78
0.0,2.78
0.0,2.78
0.0,2.78
0.573,2.78
0.573,2.78
0.573,2.78
0.573,2.78
0.573,2.78
0.573,2.78
0.573,2.78
0.573,2.78
0.573,2.78
0.573,2.78
0.573,2.78
0.573,2.78
0.573,2.78
0.573,2.78
0.573,2.78
0.573,2.78
0.573,2.78
0.573,2.78
0.573,2.78
0.573,2.78
0.573,2.78
0.573,2.78
0.573,2.78
0.573,2.78
0.573,2.78
0.573,2.78
0.573,2.78
0.573,2.78
0.573,2.78
0.573,2.78
0.573,2.78
0.573,2.78
0.573,2.78
0.573,2.78
0.573,2.78
0.573,2.78
0.573,2.78
0.573,2.78
0.573,2.78
0.0,2.78
0.0,2.78
0.0,2.78
0.0,2.78
0.0,2.78
0.0,2.78
0.573,2.78
0.573,2.78
0.573,2.78
0.573,2.78
0.573,2.78
0.573,2.78
0.573,2.78
0.573,2.78
0.573,2.78
0.0,2.78
0.0,2.78
0.0,2.78
0.0,2.78
0.0,2.78
0.0,2.78
0.0,2.78
0.0,2.78
0.0,2.78
0.0,2.78
0.0,2.78
0.0,2.78
0.0,2.78
0.0,2.78
0.0,2.78
0.0,2.78
0.0,2.78
0.0,2.78
0.0,2.78
0.0,2.78
0.0,2.78
0.0,2.78
0.0,2.78
0.0,2.78
0.0,2.78
0.0,2.78
0.0,2.78
0.0,2.78
0.0,2.78
0.0,2.78
0.0,2.78
0.0,2.78
0.0,2.78
0.0,2.78
0.0,2.78
0.0,2.78
0.0,2.78
0.0,2.78
0.0,2.78
0.0,2.78
0.0,2.78
0.0,2.78
0.0,2.78
0.0,2.78
0.0,2.78
0.0,2.78
0.0,2.78
0.0,2.78
-0.0,2.78
-0.0,2.78
-0.0,2.78
-0.0,2.78
-0.0,2.78
-0.0,2.78
-0.0,2.78
-0.0,2.78
-0.0,2.78
-0.0,2.78
-0.0,2.78
-0.0,2.78
-0.0,2.78
-0.0,2.78
-0.573,2.78
-0.573,2.78
-0.573,2.78
-0.573,2.78
-0.573,2.78
-0.573,2.78
-0.573,2.78
-0.573,2.78
-0.573,2.78
-0.573,2.78
-1.1459,2.78
-1.1459,2.78
-1.1459,2.78
-1.1459,2.78
-1.1459,2.78
-1.1459,2.78
-1.7189,2.78
-1.7189,2.78
-1.7189,2.78
-1.7189,2.78
-2.2918,2.78
-2.2918,2.78
-2.2918,2.78
-2.2918,2.78
-2.8648,2.78
-2.8648,2.78
-2.8648,2.78
-3.4377,2.78
-3.4377,2.78
-3.4377,2.78
-4.0107,2.78
-4.0107,2.78
-4.0107,2.78
-4.5837,2.78
-4.5837,2.78
-5.1566,2.78
-5.1566,2.78
-5.7296,2.78
-6.3025,2.78
-6.8755,2.78
-6.8755,2.78
-7.4485,2.78
-7.4485,2.78
-7.4485,2.78
-8.0214,2.78
-8.0214,2.78
-8.0214,2.78
-8.5944,2.78
-8.5944,2.78
-9.1673,2.78
-9.1673,2.78
-9.1673,2.78
-9.7403,2.78
-9.7403,2.78
-9.7403,2.78
-10.3132,2.78
-10.3132,2.78
-10.3132,2.78
-10.8862,2.78
-10.8862,2.78
-11.4592,2.78
-12.0321,2.78
-12.0321,2.78
-12.6051,2.78
-12.6051,2.78
-12.6051,2.78
-13.178,2.78
-13.178,2.78
-13.178,2.78
-13.751,2.78
-13.751,2.78
-13.751,2.78
-13.751,2.78
-14.3239,2.78
-14.3239,2.78
-14.3239,2.78
-14.8969,2.78
-14.8969,2.78
-15.4699,2.78
-15.4699,2.78
-15.4699,2.78
-16.0428,2.78
-16.0428,2.78
-16.6158,2.78
-16.6158,2.78
-16.6158,2.78
-16.6158,2.78
-17.1887,2.78
-17.1887,2.78
-17.1887,2.78
-17.7617,2.78
-17.7617,2.78
-17.7617,2.78
-17.7617,2.78
-18.3346,2.78
-18.3346,2.78
-18.3346,2.78
-18.3346,2.78
-18.3346,2.78
-18.3346,2.78
-17.7617,2.78
-17.7617,2.78
-17.7617,2.78
-17.7617,2.78
-17.1887,2.78
-17.1887,2.78
-17.1887,2.78
-17.1887,2.78
-17.1887,2.78
-17.1887,2.78
-17.1887,2.78
-17.1887,2.78
-17.1887,2.78
-17.1887,2.78
-16.6158,2.78
-16.6158,2.78
-16.6158,2.78
-16.0428,2.78
-16.0428,2.78
-15.4699,2.78
-15.4699,2.78
-15.4699,2.78
-14.8969,2.78
-14.3239,2.78
-14.3239,2.78
-13.751,2.78
-13.178,2.78
-13.178,2.78
-12.6051,2.78
-12.6051,2.78
-12.0321,2.78
-12.0321,2.78
-12.0321,2.78
-12.0321,2.78
-11.4592,2.78
-11.4592,2.78
-10.8862,2.78
-10.8862,2.78
-10.3132,2.78
-10.3132,2.78
-10.3132,2.78
-9.7403,2.78
-9.7403,2.78
-9.1673,2.78
-9.1673,2.78
-8.0214,2.78
-7.4485,2.78
-6.8755,2.78
-6.3025,2.78
-5.7296,2.78
-5.1566,2.78
-4.5837,2.78
-4.0107,2.78
-4.0107,2.78
-4.0107,2.78
-3.4377,2.78
-3.4377,2.78
-3.4377,2.78
-2.8648,2.78
-2.8648,2.78
-2.8648,2.78
-2.2918,2.78
-2.2918,2.78
-1.7189,2.78
-1.1459,2.78
-1.1459,2.78
-0.573,2.78
-0.0,2.78
0.0,2.78
0.573,2.78
1.1459,2.78
1.1459,2.78
1.7189,2.78
2.2918,2.78
2.2918,2.78
2.2918,2.78
2.8648,2.78
2.8648,2.78
2.8648,2.78
2.8648,2.78
3.4377,2.78
3.4377,2.78
3.4377,2.78
4.0107,2.78
4.0107,2.78
4.0107,2.78
4.0107,2.78
4.5837,2.78
4.5837,2.78
4.5837,2.78
5.1566,2.78
5.1566,2.78
5.7296,2.78
5.7296,2.78
5.7296,2.78
5.7296,2.78
5.7296,2.78
5.7296,2.78
5.7296,2.78
5.7296,2.78
5.7296,2.78
5.7296,2.78
5.7296,2.78
5.7296,2.78
5.7296,2.78
6.3025,2.78
6.3025,2.78
6.3025,2.78
6.3025,2.78
6.3025,2.78
6.3025,2.78
6.3025,2.78
6.3025,2.78
6.3025,2.78
6.3025,2.78
6.3025,2.78
6.3025,2.78
6.3025,2.78
6.3025,2.78
6.3025,2.78
6.3025,2.78
6.3025,2.78
6.3025,2.78
6.3025,2.78
5.7296,2.78
5.7296,2.78
5.7296,2.78
5.7296,2.78
5.7296,2.78
5.7296,2.78
5.7296,2.78
5.7296,2.78
5.7296,2.78
5.7296,2.78
5.7296,2.78
5.7296,2.78
5.7296,2.78
5.1566,2.78
5.1566,2.78
5.1566,2.78
5.1566,2.78
5.1566,2.78
5.1566,2.78
5.1566,2.78
5.1566,2.78
5.1566,2.78
5.1566,2.78
5.1566,2.78
5.1566,2.78
4.5837,2.78
4.5837,2.78
4.5837,2.78
4.5837,2.78
4.5837,2.78
4.0107,2.78
4.0107,2.78
4.0107,2.78
4.0107,2.78
4.0107,2.78
4.0107,2.78
4.0107,2.78
4.0107,2.78
3.4377,2.78
3.4377,2.78
3.4377,2.78
3.4377,2.78
2.8648,2.78
2.8648,2.78
2.8648,2.78
2.8648,2.78
2.8648,2.78
2.8648,2.78
2.8648,2.78
2.2918,2.78
2.2918,2.78
2.2918,2.78
2.2918,2.78
1.7189,2.78
1.7189,2.78
1.7189,2.78
1.7189,2.78
1.1459,2.78
1.1459,2.78
1.1459,2.78
0.573,2.78
0.573,2.78
0.573,2.78
0.0,2.78
0.0,2.78
-0.0,2.78
-0.0,2.78
-0.573,2.78
-0.573,2.78
-0.573,2.78
-1.1459,2.78
-1.1459,2.78
-1.7189,2.78
-2.2918,2.78
-2.2918,2.78
-2.8648,2.77
-3.4377,2.77
-4.0107,2.77
-4.5837,2.77
-5.1566,2.77
-5.7296,2.77
-6.3025,2.77
-6.3025,2.77
-6.8755,2.77
-6.8755,2.77
-7.4485,2.76
-7.4485,2.76
-8.0214,2.76
-8.5944,2.76
-8.5944,2.76
-9.1673,2.76
-9.7403,2.76
-10.3132,2.76
-10.3132,2.75
-10.8862,2.75
-11.4592,2.75
-12.0321,2.75
-12.6051,2.75
-13.178,2.75
-14.3239,2.75
-14.8969,2.74
-15.4699,2.74
-16.0428,2.74
-16.6158,2.74
-16.6158,2.74
-17.1887,2.74
-17.1887,2.74
-17.7617,2.74
-18.3346,2.74
-18.3346,2.74
-18.9076,2.74
-19.4806,2.74
-19.4806,2.74
-20.0535,2.74
-20.6265,2.74
-21.1994,2.74
-22.3454,2.74
-22.9183,2.74
-23.4913,2.73
-24.6372,2.73
-25.2101,2.73
-25.7831,2.73
-26.3561,2.73
-26.929,2.73
-26.929,2.73
-27.502,2.73
-27.502,2.73
-28.0749,2.74
-28.0749,2.74
-28.6479,2.74
-28.6479,2.74
-29.2208,2.74
-29.2208,2.74
-29.2208,2.74
-29.7938,2.74
-29.7938,2.74
-29.7938,2.74
-29.7938,2.74
-29.7938,2.74
-29.7938,2.74
-29.7938,2.74
-29.7938,2.74
-29.7938,2.74
-29.7938,2.74
-29.7938,2.74
-29.7938,2.74
-29.7938,2.74
-29.7938,2.74
-29.2208,2.74
-28.6479,2.74
-28.6479,2.74
-28.0749,2.74
-28.0749,2.74
-28.0749,2.74
-27.502,2.74
-27.502,2.74
-26.929,2.74
-26.3561,2.74
-25.7831,2.74
-25.2101,2.74
-24.6372,2.75
-24.6372,2.75
-24.0642,2.75
-24.0642,2.75
-23.4913,2.75
-23.4913,2.75
-23.4913,2.75
-22.9183,2.75
-22.9183,2.76
-22.3454,2.76
-22.3454,2.76
-21.7724,2.76
-21.1994,2.76
-20.6265,2.76
-20.0535,2.76
-19.4806,2.77
-18.3346,2.77
-17.7617,2.77
-16.6158,2.77
-16.0428,2.77
-15.4699,2.77
-14.8969,2.77
-14.3239,2.77
-14.3239,2.77
-14.3239,2.77
-13.751,2.77
-13.751,2.78
-13.178,2.78
-13.178,2.78
-12.6051,2.78
-12.0321,2.78
-12.0321,2.78
-11.4592,2.78
-10.8862,2.78
-10.3132,2.78
-9.7403,2.78
-9.1673,2.78
-8.5944,2.78
-7.4485,2.78
-6.8755,2.78
-6.8755,2.78
-6.3025,2.78
-6.3025,2.78
-5.7296,2.78
-5.7296,2.78
-5.7296,2.78
-5.7296,2.78
-5.1566,2.78
-5.1566,2.78
-5.1566,2.78
-4.5837,2.78
-4.5837,2.78
-4.0107,2.78
-4.0107,2.78
-3.4377,2.78
-3.4377,2.78
-2.8648,2.78
-2.8648,2.78
-2.2918,2.78
-2.2918,2.78
-1.7189,2.78
-1.7189,2.78
-1.7189,2.78
-1.7189,2.78
-1.7189,2.78
-1.7189,2.78
-1.7189,2.78
-1.1459,2.78
-1.1459,2.78
-1.1459,2.78
-0.573,2.78
-0.573,2.78
-0.573,2.78
-0.573,2.78
-0.573,2.78
-0.0,2.78
-0.0,2.78
0.0,2.78
0.0,2.78
0.573,2.78
0.573,2.78
0.573,2.78
1.1459,2.78
1.1459,2.78
1.1459,2.78
1.1459,2.78
1.1459,2.78
1.1459,2.78
1.1459,2.78
1.1459,2.78
1.1459,2.78
1.1459,2.78
1.1459,2.78
1.1459,2.78
1.1459,2.78
1.1459,2.78
1.1459,2.78
1.1459,2.78
1.1459,2.78
1.1459,2.78
1.1459,2.78
1.1459,2.78
1.1459,2.78
1.1459,2.78
1.1459,2.78
1.1459,2.78
1.1459,2.78
1.1459,2.78
1.1459,2.78
1.1459,2.78
1.1459,2.78
1.1459,2.78
1.1459,2.78
1.1459,2.78
1.1459,2.78
1.1459,2.78
1.1459,2.78
1.1459,2.78
1.1459,2.78
1.1459,2.78
1.1459,2.78
1.1459,2.78
1.1459,2.78
1.1459,2.78
1.1459,2.78
0.573,2.78
0.573,2.78
0.573,2.78
0.573,2.78
0.573,2.78
0.573,2.78
0.573,2.78
0.573,2.78
0.573,2.78
0.573,2.78
0.573,2.78
0.573,2.78
0.573,2.78
0.573,2.78
0.573,2.78
0.573,2.78
0.573,2.78
0.573,2.78
0.573,2.78
0.573,2.78
0.573,2.78
0.573,2.78
1.1459,2.78
1.1459,2.78
1.1459,2.78
1.1459,2.78
1.7189,2.78
1.7189,2.78
1.7189,2.78
1.7189,2.78
2.2918,2.78
2.2918,2.78
2.2918,2.78
2.2918,2.78
2.2918,2.78
2.8648,2.78
2.8648,2.78
2.8648,2.78
3.4377,2.78
3.4377,2.78
3.4377,2.78
4.0107,2.78
4.0107,2.78
4.5837,2.78
5.1566,2.78
5.7296,2.78
6.3025,2.78
6.3025,2.78
6.8755,2.78
7.4485,2.78
7.4485,2.78
8.0214,2.78
8.0214,2.78
8.5944,2.78
8.5944,2.78
9.1673,2.78
9.1673,2.78
9.7403,2.78
9.7403,2.78
10.3132,2.78
10.8862,2.78
10.8862,2.78
11.4592,2.78
12.0321,2.78
12.6051,2.78
13.178,2.78
13.751,2.78
14.3239,2.78
14.8969,2.78
15.4699,2.78
16.0428,2.78
16.0428,2.78
16.6158,2.78
16.6158,2.78
17.1887,2.78
17.1887,2.78
17.1887,2.78
17.7617,2.78
17.7617,2.78
18.3346,2.78
18.9076,2.78
18.9076,2.78
19.4806,2.78
20.0535,2.78
20.6265,2.78
21.1994,2.78
21.7724,2.78
22.3454,2.78
22.9183,2.78
22.9183,2.78
23.4913,2.78
23.4913,2.78
24.0642,2.78
24.0642,2.78
24.6372,2.78
24.6372,2.78
24.6372,2.78
25.2101,2.78
25.2101,2.78
25.7831,2.78
25.7831,2.78
26.3561,2.78
26.3561,2.78
26.929,2.78
26.929,2.78
27.502,2.78
28.0749,2.78
28.0749,2.78
28.6479,2.78
28.6479,2.78
29.2208,2.78
29.2208,2.78
29.7938,2.78
29.7938,2.78
30.3668,2.78
30.9397,2.78
30.9397,2.78
30.9397,2.78
31.5127,2.78
31.5127,2.78
30.9397,2.78
30.9397,2.78
30.3668,2.78
29.7938,2.78
28.6479,2.78
28.0749,2.78
27.502,2.78
27.502,2.78
27.502,2.78
27.502,2.78
27.502,2.78
27.502,2.78
26.929,2.78
26.3561,2.78
25.7831,2.78
25.2101,2.78
24.6372,2.78
24.0642,2.78
23.4913,2.78
22.9183,2.78
22.3454,2.78
22.3454,2.78
22.3454,2.78
21.7724,2.78
21.1994,2.78
20.0535,2.78
18.9076,2.78
17.7617,2.78
16.6158,2.78
15.4699,2.78
14.8969,2.78
14.3239,2.78
14.3239,2.78
13.751,2.78
13.751,2.78
13.751,2.78
13.178,2.78
13.178,2.78
12.6051,2.78
12.0321,2.78
12.0321,2.78
11.4592,2.78
10.8862,2.78
10.8862,2.78
10.3132,2.78
10.3132,2.78
9.7403,2.78
9.7403,2.78
9.1673,2.78
8.5944,2.78
7.4485,2.78
6.8755,2.78
5.7296,2.77
4.5837,2.77
3.4377,2.77
2.2918,2.77
1.7189,2.77
1.1459,2.77
0.573,2.77
0.573,2.77
0.0,2.77
-0.0,2.76
-0.573,2.76
-1.1459,2.76
-1.1459,2.76
-1.7189,2.76
-2.2918,2.76
-2.8648,2.76
-3.4377,2.75
-4.0107,2.75
-4.5837,2.75
-5.1566,2.75
-5.7296,2.75
-6.3025,2.75
-6.3025,2.75
-6.8755,2.75
-8.0214,2.74
-8.5944,2.74
-9.7403,2.74
-10.3132,2.74
-11.4592,2.74
-12.6051,2.74
-13.751,2.74
-14.3239,2.74
-15.4699,2.74
-16.0428,2.74
-16.6158,2.74
-17.1887,2.74
-17.7617,2.74
-18.3346,2.74
-19.4806,2.74
-20.0535,2.74
-20.6265,2.74
-21.1994,2.74
-21.7724,2.74
-22.3454,2.74
-22.9183,2.74
-24.0642,2.74
-24.6372,2.74
-25.7831,2.74
-26.929,2.74
-27.502,2.74
-28.6479,2.74
-29.7938,2.74
-30.3668,2.74
-30.9397,2.74
-31.5127,2.74
-32.0856,2.74
-32.6586,2.74
-32.6586,2.74
-33.2316,2.74
-33.8045,2.74
-33.8045,2.74
-34.3775,2.74
-34.3775,2.74
-34.3775,2.74
-34.9504,2.74
-34.9504,2.74
-34.9504,2.74
-34.9504,2.74
-34.9504,2.74
-34.9504,2.74
-34.9504,2.74
-34.9504,2.74
-34.9504,2.74
-35.5234,2.74
-35.5234,2.74
-35.5234,2.74
-35.5234,2.74
-34.9504,2.74
-34.9504,2.74
-34.3775,2.74
-34.3775,2.74
-33.8045,2.74
-33.8045,2.74
-33.2316,2.74
-32.6586,2.74
-32.0856,2.74
-31.5127,2.73
-30.9397,2.73
-30.3668,2.73
-29.7938,2.73
-29.2208,2.73
-28.0749,2.72
-26.929,2.72
-26.3561,2.71
-25.2101,2.71
-24.6372,2.7
-24.0642,2.7
-23.4913,2.7
-22.9183,2.69
-22.3454,2.68
-21.7724,2.68
-21.7724,2.67
-21.7724,2.67
-21.7724,2.66
-21.7724,2.65
-21.1994,2.64
-20.6265,2.64
-20.0535,2.63
-18.9076,2.62
-18.3346,2.61
-18.3346,2.6
-17.7617,2.59
-17.1887,2.58
-16.0428,2.56
-15.4699,2.55
-14.3239,2.53
-13.178,2.51
-12.0321,2.5
-11.4592,2.48
-10.8862,2.46
-10.8862,2.45
-10.8862,2.43
-10.8862,2.41
-10.8862,2.39
-10.8862,2.38
-10.3132,2.36
-10.3132,2.34
-10.3132,2.32
-9.7403,2.3
-9.1673,2.28
-8.5944,2.26
-8.0214,2.24
-8.0214,2.23
-7.4485,2.2
-7.4485,2.19
-7.4485,2.17
-7.4485,2.15
-7.4485,2.13
-7.4485,2.11
-7.4485,2.09
-6.8755,2.07
-6.8755,2.05
-6.8755,2.02
-6.8755,1.98
-6.3025,1.95
-6.3025,1.91
-5.7296,1.87
-5.1566,1.84
-4.5837,1.81
-4.5837,1.77
-4.0107,1.74
-4.0107,1.71
-4.0107,1.67
-4.0107,1.64
-4.0107,1.6
-4.0107,1.57
-4.0107,1.54
-4.0107,1.5
-4.0107,1.46
-4.0107,1.43
-3.4377,1.4
-3.4377,1.36
-3.4377,1.32
-3.4377,1.28
-3.4377,1.24
-2.8648,1.2
-2.8648,1.16
-2.8648,1.12
-2.8648,1.07
-2.8648,1.03
-2.8648,0.99
-2.8648,0.93
-2.8648,0.89
-2.8648,0.83
-2.8648,0.78
-2.2918,0.72
-2.2918,0.66
-1.7189,0.59
-1.7189,0.54
-1.1459,0.47
-0.573,0.22
1.1459,0.05
1.1459,0.1
1.1459,0.15
1.1459,0.25
1.1459,0.25
1.1459,0.25
1.1459,0.25
1.1459,0.3
1.1459,0.34
0.573,0.43
-0.573,0.49
-1.7189,0.62
-2.8648,0.66
-4.0107,0.72
-5.1566,0.77
-6.3025,0.81
-7.4485,0.85
-8.5944,0.9
-8.5944,0.93
-8.5944,0.95
-8.5944,0.99
-8.5944,1.02
-8.5944,1.05
-8.5944,1.09
-8.5944,1.13
-8.5944,1.2
-8.5944,1.23
-8.5944,1.32
-9.1673,1.38
-9.1673,1.44
-9.7403,1.48
-9.7403,1.52
-10.3132,1.55
-10.3132,1.58
-10.8862,1.62
-10.8862,1.65
-10.8862,1.68
-11.4592,1.71
-11.4592,1.75
-11.4592,1.75
-11.4592,1.78
-12.0321,1.8
-12.0321,1.82
-12.0321,1.85
-12.0321,1.88
-12.6051,1.91
-12.6051,1.95
-13.178,1.99
-13.178,2.02
-13.751,2.05
-14.3239,2.08
-14.8969,2.1
-15.4699,2.13
-15.4699,2.14
-16.0428,2.17
-16.0428,2.19
-16.6158,2.21
-16.6158,2.23
-17.1887,2.26
-17.1887,2.28
-17.1887,2.31
-17.7617,2.32
-17.7617,2.35
-18.3346,2.38
-18.9076,2.4
-18.9076,2.43
-19.4806,2.45
-20.0535,2.48
-20.6265,2.5
-21.7724,2.52
-22.3454,2.54
-22.9183,2.56
-23.4913,2.57
-24.0642,2.58
-24.6372,2.59
-25.2101,2.6
-25.2101,2.61
-25.7831,2.61
-25.7831,2.62
-26.3561,2.63
-26.3561,2.64
-26.929,2.64
-26.929,2.65
-27.502,2.65
-28.0749,2.66
-28.0749,2.67
-28.6479,2.67
-29.2208,2.68
-29.2208,2.69
-29.7938,2.69
-29.7938,2.7
-30.3668,2.7
-30.3668,2.7
-30.9397,2.71
-30.9397,2.71
-30.9397,2.71
-31.5127,2.72
-31.5127,2.72
-31.5127,2.72
-31.5127,2.72
-31.5127,2.72
-31.5127,2.72
-31.5127,2.73
-31.5127,2.73
-31.5127,2.73
-31.5127,2.73
-31.5127,2.73
-30.9397,2.73
-30.9397,2.73
-29.7938,2.73
-29.2208,2.73
-28.0749,2.74
-27.502,2.74
-26.929,2.74
-26.929,2.74
-26.3561,2.74
-26.3561,2.74
-26.3561,2.74
-25.7831,2.74
-25.7831,2.74
-25.2101,2.74
-25.2101,2.74
-24.6372,2.74
-24.0642,2.75
-23.4913,2.75
-22.9183,2.75
-21.7724,2.75
-21.1994,2.75
-20.6265,2.75
-20.0535,2.76
-18.9076,2.76
-18.3346,2.76
-17.1887,2.76
-16.0428,2.76
-15.4699,2.76
-14.8969,2.76
-14.8969,2.77
-14.3239,2.77
-14.3239,2.77
-13.751,2.77
-13.751,2.77
-13.751,2.77
-12.6051,2.77
-12.6051,2.77
-12.0321,2.77
-11.4592,2.77
-11.4592,2.77
-10.8862,2.78
-10.3132,2.78
-9.7403,2.78
-8.5944,2.78
-8.0214,2.78
-6.8755,2.78
-6.3025,2.78
-5.1566,2.78
-5.1566,2.78
-4.5837,2.78
-4.5837,2.78
-4.5837,2.78
-4.0107,2.78
-4.0107,2.78
-3.4377,2.78
-3.4377,2.78
-2.8648,2.78
-2.8648,2.78
-2.2918,2.78
-2.2918,2.78
-1.7189,2.78
-1.1459,2.78
-0.573,2.78
-0.573,2.78
0.0,2.78
0.573,2.78
0.573,2.78
1.1459,2.78
1.7189,2.78
1.7189,2.78
2.2918,2.78
2.2918,2.78
2.8648,2.78
2.8648,2.78
2.8648,2.78
2.8648,2.78
2.8648,2.78
2.8648,2.78
2.8648,2.78
2.8648,2.78
2.8648,2.78
2.8648,2.78
2.8648,2.78
2.8648,2.78
2.8648,2.78
3.4377,2.78
3.4377,2.78
3.4377,2.78
3.4377,2.78
3.4377,2.78
4.0107,2.78
4.0107,2.78
4.0107,2.78
4.0107,2.78
4.0107,2.78
4.0107,2.78
4.0107,2.78
4.0107,2.78
4.0107,2.78
4.0107,2.78
4.0107,2.78
4.0107,2.78
4.0107,2.78
4.0107,2.78
4.0107,2.78
4.0107,2.78
4.0107,2.78
4.0107,2.78
4.0107,2.78
4.0107,2.78
4.0107,2.78
4.0107,2.78
4.0107,2.78
4.0107,2.78
4.0107,2.78
4.0107,2.78
3.4377,2.78
4.0107,2.78
4.0107,2.78
4.0107,2.78
4.0107,2.78
4.0107,2.78
4.0107,2.78
4.0107,2.78
4.0107,2.78
3.4377,2.78
3.4377,2.78
3.4377,2.78
3.4377,2.78
3.4377,2.78
3.4377,2.78
3.4377,2.78
3.4377,2.78
2.8648,2.78
2.8648,2.78
2.8648,2.78
2.8648,2.78
2.8648,2.78
2.8648,2.78
2.8648,2.78
2.8648,2.78
2.8648,2.78
2.8648,2.78
2.8648,2.78
2.8648,2.78
2.2918,2.78
2.2918,2.78
2.2918,2.78
2.2918,2.78
2.2918,2.78
2.2918,2.78
2.2918,2.78
2.2918,2.78
2.2918,2.78
2.2918,2.78
2.2918,2.78
2.2918,2.78
1.7189,2.78
1.7189,2.78
1.7189,2.78
1.7189,2.78
1.7189,2.78
1.7189,2.78
1.7189,2.78
1.7189,2.78
1.7189,2.78
1.7189,2.78
1.7189,2.78
1.7189,2.78
1.1459,2.78
1.1459,2.78
1.1459,2.78
1.1459,2.78
1.1459,2.78
1.1459,2.78
1.1459,2.78
1.1459,2.78
1.1459,2.78
1.1459,2.78
1.1459,2.78
1.1459,2.78
1.1459,2.78
1.1459,2.78
1.1459,2.78
1.1459,2.78
1.1459,2.78
1.1459,2.78
1.1459,2.78
1.1459,2.78
1.1459,2.78
1.1459,2.78
1.1459,2.78
1.1459,2.78
1.1459,2.78
1.1459,2.78
1.1459,2.78
1.1459,2.78
1.1459,2.78
1.1459,2.78
1.1459,2.78
1.1459,2.78
1.1459,2.78
1.1459,2.78
1.1459,2.78
1.1459,2.78
1.1459,2.77
1.1459,2.77
1.7189,2.77
1.7189,2.77
1.7189,2.77
1.7189,2.77
1.7189,2.77
1.7189,2.77
2.2918,2.77
2.2918,2.77
2.2918,2.77
2.2918,2.77
2.8648,2.76
2.8648,2.76
3.4377,2.76
3.4377,2.76
3.4377,2.76
4.5837,2.75
5.7296,2.75
6.3025,2.75
7.4485,2.75
8.0214,2.75
8.5944,2.75
9.1673,2.75
9.1673,2.74
9.7403,2.74
10.3132,2.74
10.3132,2.74
10.8862,2.74
11.4592,2.74
12.0321,2.74
12.6051,2.74
13.178,2.74
13.751,2.74
14.3239,2.74
14.8969,2.74
15.4699,2.74
16.0428,2.74
16.6158,2.74
17.1887,2.74
18.3346,2.74
18.9076,2.74
19.4806,2.74
20.6265,2.74
21.7724,2.74
22.9183,2.74
24.0642,2.74
24.6372,2.74
25.7831,2.74
26.3561,2.74
27.502,2.74
28.0749,2.74
28.6479,2.74
28.6479,2.74
29.2208,2.74
29.7938,2.74
29.7938,2.74
30.3668,2.74
30.9397,2.74
30.9397,2.74
31.5127,2.74
31.5127,2.74
31.5127,2.74
32.0856,2.74
32.0856,2.74
32.0856,2.74
32.0856,2.74
31.5127,2.74
31.5127,2.74
30.9397,2.74
30.3668,2.74
30.3668,2.74
30.3668,2.74
30.3668,2.74
30.3668,2.74
30.3668,2.74
29.7938,2.74
29.7938,2.74
29.7938,2.74
29.2208,2.74
29.2208,2.74
29.2208,2.74
28.6479,2.74
28.6479,2.74
28.0749,2.74
28.0749,2.74
28.0749,2.74
27.502,2.75
26.929,2.75
25.7831,2.75
24.6372,2.75
23.4913,2.75
22.3454,2.76
21.1994,2.76
20.6265,2.76
20.0535,2.76
19.4806,2.76
19.4806,2.76
19.4806,2.76
19.4806,2.77
18.9076,2.77
18.3346,2.77
17.7617,2.77
17.1887,2.77
17.1887,2.77
16.6158,2.77
16.0428,2.77
15.4699,2.77
14.8969,2.77
13.751,2.77
12.6051,2.77
11.4592,2.77
10.3132,2.77
9.1673,2.77
8.5944,2.77
7.4485,2.77
6.8755,2.77
6.3025,2.77
5.7296,2.77
5.7296,2.76
5.1566,2.76
4.5837,2.76
4.0107,2.76
3.4377,2.76
2.8648,2.76
1.7189,2.76
1.1459,2.76
0.573,2.75
0.0,2.75
-0.573,2.75
-1.1459,2.75
-2.2918,2.75
-3.4377,2.75
-4.5837,2.74
-5.7296,2.74
-6.8755,2.74
-8.0214,2.74
-9.1673,2.74
-10.3132,2.74
-10.8862,2.74
-12.0321,2.74
-12.6051,2.74
-13.178,2.74
-13.751,2.74
-14.3239,2.74
-14.8969,2.74
-15.4699,2.74
-16.6158,2.74
-17.1887,2.74
-18.3346,2.74
-18.9076,2.74
-20.0535,2.74
-20.6265,2.74
-21.7724,2.74
-22.9183,2.74
-24.0642,2.74
-25.2101,2.74
-25.7831,2.74
-26.929,2.74
-27.502,2.74
-28.6479,2.74
-29.2208,2.74
-29.7938,2.74
-30.3668,2.74
-30.9397,2.74
-31.5127,2.74
-32.0856,2.74
-32.6586,2.74
-33.2316,2.74
-33.2316,2.74
-33.8045,2.74
-34.3775,2.74
-34.3775,2.74
-34.9504,2.74
-34.9504,2.74
-35.5234,2.74
-35.5234,2.74
-35.5234,2.74
-36.0963,2.74
-36.0963,2.74
-36.6693,2.74
-36.6693,2.74
-37.2423,2.74
-37.2423,2.74
-36.6693,2.74
-36.6693,2.74
-36.6693,2.74
-36.6693,2.74
-36.0963,2.74
-35.5234,2.74
-34.9504,2.74
-33.8045,2.74
-32.6586,2.74
-31.5127,2.74
-30.9397,2.74
-30.3668,2.74
-29.7938,2.74
-29.7938,2.74
-29.7938,2.74
-29.7938,2.74
-29.7938,2.74
-29.7938,2.74
-29.7938,2.74
-29.2208,2.74
-28.6479,2.74
-27.502,2.74
-27.502,2.74
-26.929,2.75
-26.3561,2.75
-25.2101,2.75
-24.6372,2.75
-24.0642,2.75
-22.9183,2.75
-22.3454,2.75
-21.7724,2.76
-21.1994,2.76
-20.0535,2.76
-18.9076,2.76
-17.7617,2.76
-16.6158,2.77
-16.0428,2.77
-14.8969,2.77
-14.3239,2.77
-14.3239,2.77
-13.751,2.77
-13.751,2.77
-13.178,2.77
-13.178,2.77
-12.6051,2.77
-12.0321,2.77
-12.0321,2.78
-11.4592,2.78
-10.8862,2.78
-10.8862,2.78
-10.3132,2.78
-10.3132,2.78
-9.7403,2.78
-9.1673,2.78
-9.1673,2.78
-8.5944,2.78
-8.0214,2.78
-7.4485,2.78
-6.8755,2.78
-6.3025,2.78
-5.7296,2.78
-5.1566,2.78
-4.5837,2.78
-4.5837,2.78
-4.0107,2.78
-4.0107,2.78
-4.0107,2.78
-3.4377,2.78
-3.4377,2.78
-3.4377,2.78
-2.8648,2.78
-2.8648,2.78
-2.2918,2.78
-2.2918,2.78
-2.2918,2.78
-2.2918,2.78
-1.7189,2.78
-1.7189,2.78
-1.7189,2.78
-1.7189,2.78
-1.7189,2.78
-1.1459,2.78
-1.1459,2.78
-0.573,2.78
-0.0,2.78
0.0,2.78
0.573,2.78
0.573,2.78
0.573,2.78
0.573,2.78
0.573,2.78
0.573,2.78
1.1459,2.78
1.1459,2.78
1.1459,2.78
1.1459,2.78
1.1459,2.78
1.1459,2.78
1.1459,2.78
1.1459,2.78
1.1459,2.78
1.7189,2.78
1.7189,2.78
1.7189,2.78
1.7189,2.78
1.7189,2.78
1.7189,2.78
1.7189,2.78
1.7189,2.78
1.7189,2.78
1.7189,2.78
1.7189,2.78
1.7189,2.78
1.7189,2.78
1.7189,2.78
1.7189,2.78
1.7189,2.78
1.7189,2.78
1.7189,2.78
1.7189,2.78
1.7189,2.78
1.7189,2.78
1.7189,2.78
1.7189,2.78
1.7189,2.78
1.7189,2.78
1.7189,2.78
1.7189,2.78
1.7189,2.78
1.7189,2.78
1.7189,2.78
1.7189,2.78
1.7189,2.78
1.7189,2.78
1.7189,2.78
1.7189,2.78
1.1459,2.78
1.1459,2.78
1.1459,2.78
1.1459,2.78
1.1459,2.78
1.1459,2.78
1.1459,2.78
1.1459,2.78
1.1459,2.78
1.1459,2.78
1.1459,2.78
1.1459,2.78
1.1459,2.78
0.573,2.78
0.573,2.78
0.573,2.78
0.573,2.78
0.573,2.78
0.573,2.78
0.573,2.78
0.573,2.78
0.573,2.78
0.573,2.78
0.573,2.78
0.573,2.78
0.573,2.78
0.573,2.78
0.573,2.78
0.0,2.78
0.0,2.78
0.0,2.78
0.0,2.78
0.0,2.78
0.0,2.78
0.0,2.78
0.0,2.78
0.0,2.78
0.0,2.78
0.0,2.78
0.0,2.78
0.0,2.78
0.0,2.78
0.0,2.78
0.0,2.78
-0.0,2.78
-0.0,2.78
-0.0,2.78
-0.0,2.78
-0.0,2.78
-0.0,2.78
-0.0,2.78
-0.0,2.78
-0.0,2.78
-0.0,2.78
-0.0,2.78
-0.0,2.78
-0.0,2.78
-0.0,2.78
-0.0,2.78
-0.0,2.78
-0.0,2.78
-0.0,2.78
-0.0,2.78
-0.0,2.78
-0.0,2.78
-0.0,2.78
-0.573,2.78
-0.573,2.78
-0.573,2.78
-0.573,2.78
-0.573,2.78
-0.573,2.78
-0.573,2.78
-0.573,2.78
-0.573,2.78
-0.0,2.78
-0.0,2.78
-0.0,2.78
-0.0,2.78
-0.0,2.78
-0.0,2.78
-0.0,2.78
-0.0,2.78
-0.0,2.78
-0.0,2.78
-0.0,2.78
-0.0,2.78
-0.0,2.78
-0.0,2.78
-0.0,2.78
-0.0,2.78
-0.0,2.78
-0.0,2.78
-0.0,2.78
-0.0,2.78
-0.0,2.78
-0.0,2.78
-0.0,2.78
0.0,2.78
0.0,2.78
0.0,2.78
0.0,2.78
0.0,2.78
0.0,2.78
0.0,2.78
0.0,2.78
0.0,2.78
-0.0,2.78
-0.0,2.78
-0.0,2.78
-0.0,2.78
-0.0,2.78
-0.0,2.78
-0.0,2.78
-0.0,2.78
-0.0,2.78
0.0,2.78
0.0,2.78
0.0,2.78
0.0,2.78
0.0,2.78
0.0,2.78
0.573,2.78
0.573,2.78
0.573,2.78
0.573,2.78
0.573,2.78
0.573,2.78
0.573,2.78
0.573,2.78
0.573,2.78
0.573,2.78
0.573,2.78
0.573,2.78
0.573,2.78
0.0,2.78
0.0,2.78
0.0,2.78
0.0,2.78
0.0,2.78
0.0,2.78
-0.0,2.78
-0.0,2.78
-0.0,2.78
-0.0,2.78
-0.0,2.78
-0.573,2.78
-0.573,2.78
-0.573,2.78
-0.573,2.78
-0.573,2.78
-0.573,2.78
-1.1459,2.78
-1.1459,2.77
-1.1459,2.77
-1.1459,2.77
-1.7189,2.77
-1.7189,2.77
-1.7189,2.77
-2.2918,2.77
-2.2918,2.77
-2.8648,2.76
-3.4377,2.76
-3.4377,2.76
-4.0107,2.76
-4.5837,2.75
-5.1566,2.75
-5.1566,2.75
-5.7296,2.74
-6.3025,2.74
-6.3025,2.74
-6.8755,2.74
-7.4485,2.74
-8.0214,2.73
-8.0214,2.73
-8.5944,2.73
-9.7403,2.72
-10.3132,2.72
-10.8862,2.72
-11.4592,2.71
-12.6051,2.71
-13.178,2.71
-14.3239,2.7
-15.4699,2.69
-16.6158,2.69
-17.7617,2.68
-18.9076,2.68
-20.0535,2.67
-21.7724,2.66
-22.9183,2.66
-22.9183,2.66
-24.6372,2.64
-25.7831,2.64
-26.3561,2.63
-26.3561,2.62
-26.929,2.62
-26.929,2.61
-27.502,2.6
-27.502,2.59
-28.0749,2.58
-28.0749,2.58
-28.6479,2.56
-29.2208,2.55
-29.7938,2.53
-30.3668,2.52
-30.9397,2.5
-31.5127,2.49
-31.5127,2.47
-32.0856,2.46
-32.0856,2.44
-31.5127,2.43
-31.5127,2.41
-30.9397,2.4
-30.9397,2.38
-30.9397,2.37
-30.9397,2.35
-30.3668,2.34
-30.3668,2.32
-29.7938,2.31
-29.7938,2.29
-29.7938,2.27
-30.3668,2.26
-30.3668,2.24
-30.3668,2.22
-30.3668,2.21
-30.3668,2.19
-30.3668,2.17
-30.3668,2.16
-30.3668,2.14
-30.3668,2.11
-30.3668,2.1
-30.3668,2.06
-29.7938,2.03
-29.2208,1.99
-29.2208,1.97
-28.6479,1.94
-28.6479,1.91
-28.6479,1.88
-28.6479,1.85
-28.6479,1.82
-28.0749,1.79
-28.0749,1.76
-28.0749,1.73
-28.0749,1.7
-28.0749,1.7
-28.0749,1.64
-28.6479,1.61
-28.6479,1.57
-28.6479,1.54
-29.2208,1.51
-29.2208,1.48
-29.7938,1.45
-29.7938,1.41
-29.7938,1.38
-29.7938,1.35
-29.7938,1.31
-29.7938,1.28
-29.2208,1.24
-29.2208,1.21
-29.2208,1.17
-29.2208,1.14
-29.2208,1.11
-29.2208,1.07
-29.2208,1.03
-29.2208,1.0
-29.2208,0.96
-28.6479,0.92
-28.6479,0.88
-28.6479,0.84
-28.0749,0.79
-27.502,0.75
-26.929,0.7
-26.3561,0.66
-25.7831,0.62
-24.6372,0.57
-24.0642,0.52
-22.9183,0.48
-22.3454,0.23
-2.8648,0.05
-5.7296,0.1
-8.5944,0.25
-11.4592,0.25
-14.3239,0.25
-16.0428,0.25
-16.0428,0.25
-16.0428,0.28
-16.0428,0.31
-15.4699,0.43
-14.3239,0.47
-13.178,0.69
-12.0321,0.77
-10.8862,0.83
-9.7403,0.88
-8.5944,0.93
-7.4485,0.98
-5.7296,1.02
-4.5837,1.06
-3.4377,1.09
-2.2918,1.12
-1.1459,1.15
0.0,1.21
1.1459,1.21
2.2918,1.24
2.8648,1.26
3.4377,1.29
3.4377,1.31
3.4377,1.36
3.4377,1.42
2.8648,1.47
2.2918,1.53
2.2918,1.58
2.2918,1.62
1.7189,1.66
1.7189,1.69
1.7189,1.72
1.7189,1.75
1.7189,1.78
1.7189,1.81
1.7189,1.83
1.7189,1.86
1.7189,1.88
1.7189,1.9
1.7189,1.92
1.7189,1.94
1.7189,1.96
1.7189,1.98
1.7189,2.0
1.7189,2.02
1.7189,2.05
1.7189,2.08
1.7189,2.12
1.7189,2.14
1.7189,2.18
1.1459,2.2
1.1459,2.22
1.1459,2.24
1.1459,2.26
1.1459,2.28
1.1459,2.3
1.1459,2.32
1.1459,2.33
1.1459,2.35
1.1459,2.36
1.1459,2.38
1.1459,2.39
1.1459,2.4
0.573,2.42
0.573,2.43
0.573,2.44
0.573,2.46
0.573,2.47
0.573,2.5
0.573,2.52
0.573,2.54
0.573,2.55
0.0,2.57
0.0,2.59
0.0,2.6
0.0,2.61
0.0,2.62
0.0,2.64
0.0,2.64
0.0,2.66
0.0,2.66
-0.0,2.67
-0.0,2.68
-0.0,2.69
-0.0,2.69
-0.0,2.7
-0.0,2.7
-0.0,2.71
-0.0,2.71
-0.0,2.72
-0.0,2.72
-0.0,2.73
-0.0,2.74
-0.0,2.74
-0.0,2.75
-0.573,2.75
-0.573,2.76
-0.573,2.76
-0.573,2.76
-0.573,2.76
-0.573,2.77
-0.573,2.77
-0.573,2.77
-0.573,2.77
-0.573,2.77
-0.573,2.77
-0.573,2.77
-0.573,2.78
-0.573,2.78
-0.573,2.78
-0.573,2.78
-0.573,2.78
-0.573,2.78
-0.573,2.78
-0.573,2.78
-0.573,2.78
-0.573,2.78
-0.573,2.78
-0.573,2.78
-0.573,2.78
-0.573,2.78
-0.573,2.78
-0.573,2.78
-0.573,2.78
-0.573,2.78
-0.573,2.78
-0.573,2.78
-0.573,2.78
-0.573,2.78
-0.573,2.78
-0.573,2.78
-0.573,2.78
-0.573,2.78
-0.573,2.78
-0.573,2.78
-0.573,2.78
-0.573,2.78
-0.573,2.78
-0.573,2.78
-0.573,2.78
-0.573,2.78
-0.573,2.78
-0.573,2.78
-0.573,2.78
-0.573,2.78
-0.573,2.78
-0.573,2.78
-0.573,2.78
-0.573,2.78
-0.573,2.78
-0.573,2.78
-0.573,2.78
-0.573,2.78
-0.573,2.78
-0.573,2.78
-0.573,2.78
-0.573,2.78
-0.573,2.78
-0.573,2.78
-0.0,2.78
-0.0,2.78
-0.0,2.78
-0.0,2.78
-0.0,2.78
-0.0,2.78
-0.0,2.78
-0.0,2.78
-0.0,2.78
-0.0,2.78
-0.0,2.78
-0.0,2.78
-0.0,2.78
-0.0,2.78
-0.0,2.78
-0.0,2.78
-0.0,2.78
-0.0,2.78
-0.0,2.78
-0.0,2.78
-0.0,2.78
-0.0,2.78
-0.0,2.78
-0.0,2.78
-0.0,2.78
-0.0,2.78
-0.0,2.78
-0.0,2.78
-0.0,2.78
-0.0,2.78
-0.0,2.78
-0.0,2.78
-0.0,2.78
-0.0,2.78
-0.0,2.78
-0.0,2.78
-0.0,2.78
-0.0,2.78
-0.0,2.78
-0.0,2.78
-0.0,2.78
-0.0,2.78
-0.0,2.78
-0.0,2.78
-0.0,2.78
-0.0,2.78
-0.0,2.78
-0.0,2.78
-0.0,2.78
-0.0,2.78
-0.0,2.78
-0.0,2.78
-0.0,2.78
-0.0,2.78
-0.0,2.78
-0.0,2.78
-0.0,2.78
-0.0,2.78
-0.0,2.78
-0.0,2.78
-0.0,2.78
-0.0,2.78
-0.0,2.78
-0.0,2.78
-0.0,2.78
-0.0,2.78
-0.0,2.78
-0.0,2.78
-0.0,2.78
-0.0,2.78
-0.0,2.78
-0.573,2.78
-0.573,2.78
-0.573,2.78
-0.573,2.78
-0.573,2.78
-0.573,2.78
-0.573,2.78
-0.573,2.78
-0.573,2.78
-0.573,2.78
-0.573,2.78
-0.573,2.78
-0.573,2.78
-0.573,2.78
-0.573,2.78
-0.573,2.78
-0.573,2.78
-0.573,2.78
-0.573,2.78
-0.573,2.78
-0.573,2.78
-0.573,2.78
-0.573,2.78
-0.573,2.78
-0.573,2.78
-0.573,2.78
-0.573,2.78
-0.573,2.78
-0.573,2.78
-0.573,2.78
-0.573,2.78
-0.573,2.78
-0.573,2.78
-0.573,2.78
-0.573,2.78
-0.573,2.78
-0.573,2.78
-0.573,2.78
-0.573,2.78
-0.573,2.78
-0.573,2.78
-0.573,2.78
-0.573,2.78
-0.573,2.78
-0.573,2.78
-0.573,2.78
-0.573,2.78
-0.573,2.78
-0.573,2.78
-0.573,2.78
-0.573,2.78
-0.573,2.78
-0.573,2.78
-0.573,2.78
-0.573,2.78
-0.573,2.78
-1.1459,2.78
-1.1459,2.78
-0.573,2.78
-0.573,2.78
-0.573,2.78
-0.573,2.78
-0.573,2.78
-0.573,2.78
-0.573,2.78
-0.573,2.78
-0.573,2.78
-0.573,2.78
-0.573,2.78
-0.573,2.78
-1.1459,2.78
-1.1459,2.78
-1.1459,2.78
-1.1459,2.78
-1.1459,2.78
-1.1459,2.78
-1.1459,2.78
-1.1459,2.78
-1.1459,2.78
-1.1459,2.78
-1.1459,2.78
-1.1459,2.78
-1.1459,2.78
-1.1459,2.78
-1.1459,2.78
-1.1459,2.78
-1.1459,2.78
-1.1459,2.78
-1.1459,2.78
-1.1459,2.78
-1.7189,2.78
-1.7189,2.78
-1.7189,2.78
-1.7189,2.78
-1.7189,2.78
-1.7189,2.78
-1.7189,2.78
-1.7189,2.78
-1.7189,2.78
-1.7189,2.78
-1.7189,2.78
-1.7189,2.78
-1.7189,2.78
-2.2918,2.78
-2.2918,2.78
-2.2918,2.78
-2.2918,2.78
-2.2918,2.78
-2.2918,2.78
-2.2918,2.78
-2.8648,2.78
-2.8648,2.78
-2.8648,2.78
-2.8648,2.78
-2.8648,2.78
-2.8648,2.78
-2.8648,2.78
-2.8648,2.78
-3.4377,2.78
-3.4377,2.78
-3.4377,2.78
-3.4377,2.78
-3.4377,2.78
-3.4377,2.78
-3.4377,2.78
-3.4377,2.78
-3.4377,2.78
-3.4377,2.78
-4.0107,2.78
-4.0107,2.78
-4.0107,2.78
-4.0107,2.78
-4.0107,2.78
-4.5837,2.78
-4.5837,2.78
-4.5837,2.78
-4.5837,2.78
-4.5837,2.78
-4.5837,2.78
-4.5837,2.78
-4.5837,2.78
-5.1566,2.78
-5.1566,2.78
-5.1566,2.78
-5.1566,2.78
-5.1566,2.78
-5.1566,2.78
-5.1566,2.78
-5.1566,2.78
-5.1566,2.78
-5.7296,2.78
-5.7296,2.78
-5.7296,2.78
-5.7296,2.78
-6.3025,2.78
-6.3025,2.78
-6.3025,2.78
-6.3025,2.78
-6.3025,2.78
-6.3025,2.78
-6.8755,2.78
-6.8755,2.78
-6.8755,2.78
-6.8755,2.78
-7.4485,2.78
-7.4485,2.78
-7.4485,2.78
-7.4485,2.78
-7.4485,2.78
-7.4485,2.78
-7.4485,2.78
-7.4485,2.78
-7.4485,2.78
-7.4485,2.78
-8.0214,2.78
-8.0214,2.78
-8.0214,2.78
-8.0214,2.78
-8.0214,2.78
-8.0214,2.78
-8.0214,2.78
-8.0214,2.78
-8.0214,2.78
-8.5944,2.78
-8.5944,2.78
-8.5944,2.78
-8.5944,2.78
-8.5944,2.78
-8.5944,2.78
-8.5944,2.78
-8.5944,2.78
-8.5944,2.78
-8.5944,2.78
-9.1673,2.78
-9.1673,2.78
-9.1673,2.78
-9.1673,2.78
-9.1673,2.78
-9.1673,2.78
-9.7403,2.78
-9.7403,2.78
-9.7403,2.78
-9.7403,2.78
-9.7403,2.78
-9.7403,2.78
-9.7403,2.78
-10.3132,2.78
-10.3132,2.78
-10.3132,2.78
-10.3132,2.78
-10.3132,2.78
-10.3132,2.78
-10.8862,2.78
-10.8862,2.78
-10.8862,2.78
-10.8862,2.78
-10.8862,2.78
-11.4592,2.78
-11.4592,2.78
-11.4592,2.78
-11.4592,2.78
-11.4592,2.78
-11.4592,2.78
-11.4592,2.78
-11.4592,2.78
-12.0321,2.78
-12.0321,2.78
-12.0321,2.78
-12.0321,2.78
-12.6051,2.78
-12.6051,2.78
-12.6051,2.78
-12.6051,2.78
-12.6051,2.78
-12.6051,2.78
-12.6051,2.78
-12.6051,2.78
-12.6051,2.78
-12.6051,2.78
-13.178,2.78
-13.178,2.78
-13.178,2.78
-13.178,2.78
-13.178,2.78
-13.178,2.78
-13.178,2.78
-13.178,2.78
-13.178,2.78
-13.178,2.78
-13.178,2.78
-13.178,2.78
-13.178,2.78
-12.6051,2.78
-12.6051,2.78
-12.6051,2.78
-12.0321,2.78
-12.0321,2.78
-12.0321,2.78
-11.4592,2.78
-11.4592,2.78
-11.4592,2.78
-11.4592,2.78
-11.4592,2.78
-11.4592,2.78
-11.4592,2.78
-11.4592,2.78
-11.4592,2.78
-10.8862,2.78
-10.8862,2.78
-10.8862,2.78
-10.8862,2.78
-10.3132,2.78
-10.3132,2.78
-10.3132,2.78
-10.3132,2.78
-9.7403,2.78
-9.7403,2.78
-9.7403,2.78
-9.1673,2.78
-9.1673,2.78
-8.5944,2.78
-8.0214,2.78
-8.0214,2.78
-7.4485,2.78
-7.4485,2.78
-7.4485,2.78
-7.4485,2.78
-6.8755,2.78
-6.8755,2.78
-6.8755,2.78
-6.8755,2.78
-6.8755,2.78
-6.3025,2.78
-6.3025,2.78
-6.3025,2.78
-5.7296,2.78
-5.7296,2.78
-5.7296,2.78
-5.1566,2.78
-5.1566,2.78
-4.5837,2.78
-4.5837,2.78
-4.0107,2.78
-4.0107,2.78
-3.4377,2.78
-3.4377,2.78
-3.4377,2.78
-3.4377,2.78
-3.4377,2.78
-3.4377,2.78
-3.4377,2.78
-3.4377,2.78
-3.4377,2.78
-3.4377,2.78
-2.8648,2.78
-2.8648,2.78
-2.8648,2.78
-2.8648,2.78
-2.2918,2.78
-2.2918,2.78
-2.2918,2.78
-2.2918,2.78
-2.2918,2.78
-2.2918,2.78
-2.2918,2.78
-2.2918,2.78
-1.7189,2.78
-1.7189,2.78
-1.7189,2.78
-1.7189,2.78
-1.1459,2.78
-1.1459,2.78
-1.1459,2.78
-1.1459,2.78
-1.1459,2.78
-1.1459,2.78
-1.1459,2.78
-1.1459,2.78
-1.1459,2.78
-0.573,2.78
-0.573,2.78
-0.573,2.78
-0.573,2.78
-0.573,2.78
-0.0,2.78
-0.0,2.78
-0.0,2.78
-0.0,2.78
0.0,2.78
0.0,2.78
0.0,2.78
0.0,2.78
0.0,2.78
0.0,2.78
0.0,2.78
0.0,2.78
0.0,2.78
0.0,2.78
0.0,2.78
0.0,2.78
0.573,2.78
0.573,2.78
0.573,2.78
0.573,2.78
0.573,2.78
0.573,2.78
0.573,2.78
0.573,2.78
0.573,2.78
0.573,2.78
0.573,2.78
0.573,2.78
0.573,2.78
0.573,2.78
0.573,2.78
0.573,2.78
0.573,2.78
0.573,2.78
0.573,2.78
0.573,2.78
0.573,2.78
0.573,2.78
0.573,2.78
0.573,2.78
0.573,2.78
0.573,2.78
0.573,2.78
0.573,2.78
0.573,2.78
0.573,2.78
0.573,2.78
0.573,2.78
0.573,2.78
0.573,2.78
0.573,2.78
0.573,2.78
0.573,2.78
0.573,2.78
0.573,2.78
0.573,2.78
0.573,2.78
0.573,2.78
0.573,2.78
0.573,2.78
0.573,2.78
0.573,2.78
0.573,2.78
0.573,2.78
0.573,2.78
0.573,2.78
0.573,2.78
0.573,2.78
0.0,2.78
0.0,2.78
0.0,2.78
0.0,2.78
0.0,2.78
0.0,2.78
0.0,2.78
0.0,2.78
0.0,2.78
0.0,2.78
0.0,2.78
0.0,2.78
0.0,2.78
0.0,2.78
0.0,2.78
0.0,2.78
0.0,2.78
0.0,2.78
0.0,2.78
0.0,2.78
0.0,2.78
0.0,2.78
0.0,2.78
0.0,2.78
0.0,2.78
0.0,2.78
0.0,2.78
0.0,2.78
0.0,2.78
0.0,2.78
0.0,2.78
0.0,2.78
0.0,2.78
0.0,2.78
0.0,2.78
0.0,2.78
0.0,2.78
0.0,2.78
-0.0,2.78
-0.0,2.78
-0.0,2.78
-0.0,2.78
-0.0,2.78
-0.0,2.78
-0.0,2.78
-0.0,2.78
-0.0,2.78
-0.0,2.78
-0.0,2.78
-0.0,2.78
-0.0,2.78
-0.0,2.78
-0.0,2.78
-0.0,2.78
-0.0,2.78
-0.0,2.78
0.0,2.78
-0.0,2.78
-0.0,2.78
-0.0,2.78
-0.0,2.78
-0.0,2.78
-0.0,2.78
-0.0,2.78
-0.0,2.78
-0.0,2.78
-0.0,2.78
-0.0,2.78
-0.0,2.78
-0.0,2.78
-0.0,2.78
-0.0,2.78
-0.0,2.78
-0.573,2.78
-0.573,2.78
-0.573,2.78
-0.573,2.78
-0.573,2.78
-0.573,2.78
-0.573,2.78
-0.573,2.78
-0.573,2.78
-0.573,2.78
-1.1459,2.78
-1.1459,2.78
-1.1459,2.78
-1.1459,2.78
-1.1459,2.78
-1.1459,2.78
-1.1459,2.78
-1.7189,2.78
-1.7189,2.78
-1.7189,2.78
-1.7189,2.78
-2.2918,2.78
-2.2918,2.78
-2.2918,2.78
-2.2918,2.78
-2.8648,2.78
-2.8648,2.78
-2.8648,2.78
-2.8648,2.78
-3.4377,2.78
-3.4377,2.78
-3.4377,2.78
-4.0107,2.78
-4.0107,2.78
-4.0107,2.78
-4.5837,2.78
-4.5837,2.78
-4.5837,2.78
-4.5837,2.78
-5.1566,2.78
-5.1566,2.78
-5.7296,2.78
-6.3025,2.78
-6.8755,2.78
-7.4485,2.78
-8.0214,2.78
-8.5944,2.78
-9.1673,2.78
-9.7403,2.78
-9.7403,2.78
-9.1673,2.78
-9.1673,2.78
-9.1673,2.78
-9.1673,2.78
-9.7403,2.78
-10.3132,2.78
-10.8862,2.78
-11.4592,2.78
-11.4592,2.78
-11.4592,2.78
-12.0321,2.78
-12.0321,2.78
-12.0321,2.78
-11.4592,2.78
-11.4592,2.78
-11.4592,2.78
-12.0321,2.78
-12.0321,2.78
-12.6051,2.78
-12.6051,2.78
-13.178,2.78
-13.751,2.78
-14.3239,2.78
-14.3239,2.78
-14.3239,2.78
-14.3239,2.78
-14.3239,2.78
-14.3239,2.78
-14.3239,2.78
-14.3239,2.78
-14.8969,2.78
-14.8969,2.78
-15.4699,2.78
-15.4699,2.78
-16.0428,2.78
-16.0428,2.78
-16.0428,2.78
-16.0428,2.78
-15.4699,2.78
-15.4699,2.78
-14.8969,2.78
-14.3239,2.78
-13.751,2.78
-13.178,2.78
-13.178,2.78
-12.6051,2.78
-12.0321,2.78
-11.4592,2.6
-11.4592,2.35
-10.8862,2.1
-10.8862,1.85
-10.3132,1.6
-10.3132,1.35
-10.3132,1.1
-10.3132,0.85
-9.7403,0.6
-9.1673,0.35
-8.5944,0.1
