Timestamp,d_laser_x,d_laser_z,laser_x,laser_z,X,Y,Z,Yaw,Roll,Pitch
1741951127.334,4.126,2.165,0.126,-0.504,1.4472,-2.0845,5.9624,-155.2279,179.3455,-0.8989
1741951127.413,4.126,2.165,0.126,-0.504,1.4472,-2.0845,5.9624,-155.2331,179.3316,-0.9049
1741951127.493,4.126,2.163,0.126,-0.502,1.4472,-2.0845,5.9624,-155.2422,179.3074,-0.9061
1741951127.573,4.128,2.163,0.124,-0.502,1.4472,-2.0845,5.9624,-155.2317,179.3233,-0.9244
1741951127.652,4.127,2.164,0.125,-0.503,1.4472,-2.0845,5.9624,-155.2185,179.3168,-0.9196
1741951127.732,4.127,2.164,0.125,-0.503,1.4472,-2.0845,5.9624,-155.2251,179.3386,-0.9009
1741951127.812,4.124,2.164,0.128,-0.503,1.4472,-2.0845,5.9624,-155.2298,179.3583,-0.8982
1741951127.891,4.125,2.164,0.127,-0.503,1.4472,-2.0845,5.9624,-155.23,179.3516,-0.8955
1741951127.971,4.126,2.164,0.126,-0.503,1.4472,-2.0845,5.9624,-155.2321,179.3527,-0.9072
1741951128.051,4.125,2.164,0.127,-0.503,1.4472,-2.0845,5.9624,-155.2432,179.3676,-0.9131
1741951128.13,4.125,2.164,0.127,-0.503,1.4472,-2.0845,5.9624,-155.2334,179.3396,-0.9059
1741951128.21,4.126,2.164,0.126,-0.503,1.4472,-2.0845,5.9624,-155.2231,179.3178,-0.9025
1741951128.409,4.128,2.165,0.124,-0.504,1.4472,-2.0845,5.9624,-155.2156,179.3292,-0.9047
1741951128.608,4.125,2.165,0.127,-0.504,1.4472,-2.0845,5.9624,-155.2257,179.3373,-0.9038
1741951128.807,4.128,2.163,0.124,-0.502,1.4472,-2.0845,5.9624,-155.2378,179.3443,-0.9058
1741951130.101,4.125,2.164,0.127,-0.503,1.4472,-2.0845,5.9624,-155.2326,179.3432,-0.9266
1741951130.181,4.125,2.163,0.127,-0.502,1.4472,-2.0845,5.9624,-155.2301,179.3421,-0.9303
1741951130.261,4.125,2.164,0.127,-0.503,1.4472,-2.0845,5.9624,-155.2325,179.3554,-0.9287
1741951130.34,4.125,2.164,0.127,-0.503,1.4472,-2.0845,5.9624,-155.2304,179.3509,-0.9215
1741951130.42,4.127,2.164,0.125,-0.503,1.4472,-2.0845,5.9624,-155.2298,179.3636,-0.917
1741951130.5,4.125,2.163,0.127,-0.502,1.4472,-2.0845,5.9624,-155.23,179.3705,-0.9171
1741951130.579,4.126,2.164,0.126,-0.503,1.4472,-2.0845,5.9624,-155.2296,179.3582,-0.9212
1741951130.659,4.126,2.163,0.126,-0.502,1.4472,-2.0845,5.9624,-155.2322,179.3646,-0.9165
1741951130.739,4.126,2.163,0.126,-0.502,1.4472,-2.0845,5.9624,-155.2379,179.3663,-0.9113
1741951130.818,4.126,2.163,0.126,-0.502,1.4472,-2.0845,5.9624,-155.2375,179.3685,-0.9142
1741951130.898,4.125,2.163,0.127,-0.502,1.4472,-2.0845,5.9624,-155.2351,179.361,-0.9196
1741951130.977,4.125,2.163,0.127,-0.502,1.4472,-2.0845,5.9624,-155.2258,179.3578,-0.9089
1741951131.057,4.126,2.163,0.126,-0.502,1.4472,-2.0845,5.9624,-155.2229,179.3431,-0.9181
1741951131.137,4.126,2.163,0.126,-0.502,1.4472,-2.0845,5.9624,-155.2267,179.3405,-0.9312
1741951131.216,4.126,2.164,0.126,-0.503,1.4472,-2.0845,5.9624,-155.2297,179.3452,-0.9332
1741951131.296,4.127,2.164,0.125,-0.503,1.4472,-2.0845,5.9624,-155.221,179.3578,-0.9037
1741951131.376,4.126,2.164,0.126,-0.503,1.4471,-2.0844,5.9623,-155.206,179.4289,-0.8
1741951131.455,4.128,2.163,0.124,-0.502,1.4468,-2.0833,5.9623,-155.1503,179.4092,-0.8195
1741951131.535,4.128,2.163,0.123,-0.502,1.445,-2.0793,5.9623,-155.0945,179.339,-0.8815
1741951131.615,4.125,2.161,0.126,-0.5,1.4416,-2.0725,5.962,-154.9515,179.28,-0.9168
1741951131.854,4.1,2.161,0.151,-0.501,1.4299,-2.0495,5.9624,-154.6427,179.2639,-0.959
1741951132.172,4.073,2.164,0.177,-0.504,1.4207,-2.0301,5.9617,-154.215,179.2523,-1.0124
1741951132.252,4.068,2.161,0.182,-0.501,1.4174,-2.0234,5.9619,-154.1239,179.2882,-1.1408
1741951132.65,4.03,2.155,0.22,-0.495,1.401,-1.9906,5.9619,-153.8852,179.4346,-1.0389
1741951133.048,3.994,2.165,0.256,-0.505,1.3855,-1.9608,5.9609,-153.418,179.3088,-1.0509
1741951133.287,3.978,2.165,0.272,-0.505,1.3763,-1.9434,5.9606,-153.1146,179.2038,-1.1517
1741951133.447,3.962,2.166,0.288,-0.506,1.3697,-1.9313,5.9607,-152.8761,179.1281,-1.1771
1741951134.084,3.917,2.169,0.334,-0.508,1.3468,-1.8888,5.9602,-152.2125,179.2853,-0.9501
1741951134.163,3.912,2.167,0.339,-0.506,1.3449,-1.8852,5.96,-152.1602,179.3163,-0.8814
1741951134.323,3.905,2.167,0.347,-0.506,1.3391,-1.8746,5.9597,-151.964,179.2292,-0.9738
1741951134.562,3.88,2.168,0.371,-0.507,1.3305,-1.8573,5.96,-152.0411,179.4356,-0.9411
1741951134.642,3.88,2.168,0.371,-0.507,1.3294,-1.8543,5.9601,-152.2186,179.5248,-1.0051
1741951134.721,3.875,2.167,0.376,-0.507,1.3283,-1.8511,5.96,-152.4123,179.7525,-0.9327
1741951134.801,3.868,2.167,0.382,-0.507,1.3251,-1.8457,5.9593,-152.7796,179.5299,-1.1381
1741951135.358,3.815,2.173,0.437,-0.512,1.2989,-1.7991,5.9594,-151.9035,179.0113,-1.2468
1741951135.995,3.761,2.165,0.491,-0.504,1.2778,-1.7458,5.9583,-155.6649,179.014,-1.4825
1741951136.075,3.754,2.166,0.498,-0.505,1.2758,-1.7418,5.9582,-155.5453,178.9795,-1.3904
1741951136.155,3.75,2.164,0.502,-0.503,1.2735,-1.7373,5.9584,-155.4594,178.9534,-1.336
1741951136.473,3.721,2.165,0.53,-0.504,1.2609,-1.7111,5.959,-155.0887,179.5572,-0.5836
1741951136.553,3.712,2.163,0.539,-0.502,1.2584,-1.7058,5.9573,-155.0351,179.5195,-0.595
1741951136.712,3.701,2.162,0.55,-0.501,1.2526,-1.6933,5.957,-154.9185,179.2469,-0.9346
1741951136.871,3.685,2.162,0.565,-0.502,1.2449,-1.6793,5.9578,-154.2378,178.3952,-2.1377
1741951136.951,3.676,2.162,0.574,-0.502,1.2416,-1.673,5.9574,-154.2533,178.5809,-1.8989
1741951137.11,3.664,2.162,0.586,-0.502,1.2364,-1.662,5.9573,-154.0425,178.8923,-1.436
1741951137.19,3.66,2.162,0.59,-0.502,1.234,-1.6567,5.957,-153.9599,179.0235,-1.32
1741951137.27,3.651,2.161,0.599,-0.501,1.2315,-1.6517,5.9566,-153.9325,179.0618,-1.2466
1741951137.349,3.646,2.161,0.604,-0.501,1.2282,-1.6452,5.9565,-153.7877,179.0048,-1.2461
1741951137.509,3.634,2.162,0.616,-0.502,1.2216,-1.632,5.9563,-153.5926,179.0643,-1.1463
1741951137.668,3.615,2.163,0.635,-0.503,1.2153,-1.6197,5.956,-153.4533,179.0736,-1.1411
1741951137.748,3.606,2.165,0.644,-0.505,1.2119,-1.6132,5.9562,-153.4496,179.0404,-1.1025
1741951138.066,3.582,2.159,0.668,-0.499,1.1994,-1.5903,5.956,-153.0325,178.9878,-1.0694
1741951138.146,3.578,2.152,0.672,-0.492,1.1964,-1.5845,5.9558,-152.94,179.0102,-1.0672
1741951138.305,3.567,2.154,0.683,-0.494,1.1909,-1.5749,5.9555,-152.728,179.0275,-1.1483
1741951138.385,3.56,2.153,0.69,-0.493,1.1875,-1.5676,5.9555,-152.7071,178.9215,-1.3169
1741951138.464,3.549,2.154,0.701,-0.494,1.1836,-1.5602,5.9554,-152.6419,178.8229,-1.2614
1741951138.544,3.541,2.158,0.71,-0.498,1.1797,-1.5533,5.9557,-152.5559,178.7566,-1.2111
1741951139.659,3.402,2.172,0.852,-0.509,1.1105,-1.4276,5.953,-150.684,178.7672,-1.0296
1741951142.367,3.086,2.199,1.166,-0.537,0.9459,-1.1548,5.9505,-151.4285,178.7507,-0.3549
1741951142.447,3.076,2.201,1.176,-0.539,0.9416,-1.1469,5.9503,-151.3843,178.74,-0.375
1741951143.044,3.012,2.203,1.242,-0.54,0.9092,-1.0887,5.9494,-150.8135,178.6532,-0.4023
1741951143.841,2.926,2.201,1.324,-0.541,0.8733,-1.0139,5.9502,-153.6202,178.7838,-0.5279
1741951159.491,1.094,2.188,3.157,-0.527,0.0877,0.6376,5.9291,-155.447,-178.921,2.223
1741951159.571,1.095,2.188,3.156,-0.527,0.0876,0.6372,5.9292,-155.4421,-179.3864,1.5912
1741951159.651,1.095,2.186,3.156,-0.525,0.0917,0.6328,5.9257,-155.4524,-179.8614,0.9493
1741951159.73,1.096,2.188,3.155,-0.527,0.0966,0.6177,5.9263,-155.3319,179.5661,0.7856
1741951167.616,1.533,2.238,2.719,-0.575,0.2449,0.2135,5.9394,-150.8812,179.517,-0.7828
1741951167.695,1.537,2.237,2.717,-0.571,0.2467,0.2068,5.9392,-149.3503,179.4748,-0.8075
1741951170.722,1.746,2.204,2.509,-0.538,0.3701,0.0384,5.9427,-157.8554,179.7044,-1.2935
1741951171.04,1.775,2.207,2.48,-0.541,0.3817,0.0099,5.9433,-157.918,179.5877,-1.2749
1741951171.12,1.784,2.209,2.471,-0.543,0.3846,0.0024,5.9433,-157.9277,179.5703,-1.1758
1741951172.633,1.968,2.196,2.283,-0.535,0.4666,-0.1756,5.9476,-155.619,179.8539,-1.5899
1741951176.456,2.57,2.238,1.689,-0.57,0.6917,-0.7225,5.9506,-158.5026,-179.4829,-0.7483
1741951176.536,2.577,2.237,1.678,-0.573,0.695,-0.7326,5.9515,-157.0928,-179.5519,-0.918
1741951182.669,3.333,2.276,0.92,-0.614,0.9994,-1.4312,5.9599,-156.0394,-178.917,0.2097
1741951182.828,3.335,2.276,0.918,-0.614,0.9933,-1.428,5.9598,-155.8411,-179.6991,-0.0888
1741951182.908,3.335,2.276,0.918,-0.614,0.9931,-1.4279,5.9598,-155.9295,-179.4295,-0.3901
1741951182.987,3.335,2.276,0.917,-0.615,0.9931,-1.4276,5.96,-155.6602,-179.6319,-0.2779
1741951183.067,3.335,2.276,0.917,-0.614,0.9932,-1.4276,5.9599,-155.7548,-179.7345,-0.4603
1741951183.146,3.335,2.275,0.916,-0.614,0.993,-1.4273,5.9599,-155.0711,-179.4761,0.0346
1741951183.226,3.334,2.276,0.918,-0.615,0.9939,-1.4284,5.9599,-155.3787,-179.1905,-0.163
1741951184.262,3.403,2.274,0.848,-0.613,1.0302,-1.4873,5.9619,-152.261,-179.4003,-2.8484
1741951186.651,3.636,2.29,0.62,-0.626,1.1199,-1.6991,5.963,-156.9014,-178.1348,1.3561
1741951186.731,3.636,2.291,0.619,-0.628,1.1194,-1.698,5.9636,-156.5564,-178.4101,1.4888
1741951186.81,3.632,2.291,0.626,-0.626,1.1186,-1.6974,5.9639,-157.3766,-177.6527,1.835
1741951186.89,3.632,2.291,0.625,-0.627,1.1184,-1.6971,5.9642,-157.1763,-177.8416,1.6668
1741951186.97,3.633,2.29,0.622,-0.627,1.1182,-1.6966,5.9645,-156.7204,-177.9608,1.6117
1741951187.049,3.631,2.29,0.623,-0.627,1.118,-1.6963,5.9648,-156.4408,-178.1894,1.416
1741951187.129,3.635,2.291,0.619,-0.629,1.1179,-1.696,5.965,-156.2164,-178.454,1.2477
1741951187.208,3.631,2.29,0.622,-0.628,1.1178,-1.6958,5.9652,-156.0654,-178.6096,1.2174
1741951187.288,3.631,2.29,0.622,-0.628,1.1176,-1.6955,5.9653,-156.0327,-178.3816,1.4208
1741951187.368,3.629,2.29,0.629,-0.625,1.1172,-1.6956,5.9653,-157.49,-177.3683,1.9645
1741951187.447,3.637,2.289,0.621,-0.624,1.1172,-1.6954,5.9654,-157.4251,-177.6785,1.6792
1741951187.527,3.635,2.29,0.623,-0.625,1.1172,-1.6954,5.9656,-157.391,-178.1121,1.3356
1741951187.607,3.628,2.289,0.63,-0.624,1.1172,-1.6953,5.9658,-157.3116,-178.4481,1.0874
1741951187.687,3.628,2.289,0.629,-0.624,1.1172,-1.6953,5.9659,-157.2229,-178.6721,0.8866
1741951187.766,3.636,2.291,0.621,-0.627,1.1172,-1.6953,5.966,-157.1319,-178.8463,0.7478
1741951187.846,3.632,2.29,0.625,-0.626,1.1171,-1.6951,5.9662,-157.0409,-178.9194,0.6482
1741951187.925,3.631,2.29,0.625,-0.626,1.1171,-1.6949,5.9663,-156.9772,-178.9414,0.5847
1741951188.005,3.636,2.29,0.62,-0.626,1.117,-1.6947,5.9664,-156.9318,-178.9641,0.5475
1741951188.085,3.636,2.29,0.62,-0.626,1.117,-1.6945,5.9666,-156.8903,-178.9803,0.5074
1741951188.164,3.636,2.29,0.62,-0.626,1.1169,-1.6944,5.9667,-156.8642,-178.9704,0.4929
1741951188.244,3.631,2.291,0.625,-0.627,1.1168,-1.6942,5.9668,-156.8276,-178.9668,0.485
1741951188.324,3.629,2.289,0.627,-0.625,1.1168,-1.694,5.9669,-156.8122,-178.9671,0.4854
1741951188.403,3.629,2.29,0.627,-0.626,1.1167,-1.6939,5.967,-156.8024,-178.9784,0.4814
1741951188.483,3.629,2.29,0.627,-0.626,1.1167,-1.6937,5.9672,-156.7918,-178.9814,0.4882
1741951188.563,3.635,2.29,0.621,-0.626,1.1166,-1.6936,5.9673,-156.7792,-178.9818,0.4855
1741951188.642,3.632,2.291,0.624,-0.627,1.1166,-1.6934,5.9674,-156.7817,-178.9674,0.4778
1741951188.722,3.631,2.291,0.625,-0.627,1.1165,-1.6933,5.9675,-156.7678,-178.9876,0.4702
1741951188.802,3.632,2.29,0.624,-0.627,1.1165,-1.6932,5.9676,-156.7576,-179.0154,0.4592
1741951188.881,3.632,2.29,0.624,-0.627,1.1165,-1.693,5.9676,-156.7624,-179.01,0.4777
1741951188.961,3.631,2.29,0.625,-0.627,1.1164,-1.6929,5.9677,-156.7584,-178.9899,0.4893
1741951189.04,3.631,2.289,0.624,-0.626,1.1164,-1.6928,5.9678,-156.7428,-179.0251,0.4807
1741951189.12,3.635,2.291,0.62,-0.628,1.1164,-1.6927,5.9679,-156.7457,-179.035,0.4853
1741951189.2,3.631,2.29,0.625,-0.627,1.1163,-1.6926,5.968,-156.7673,-178.9882,0.4861
1741951189.279,3.631,2.29,0.624,-0.627,1.1163,-1.6925,5.9681,-156.7516,-178.994,0.4703
1741951189.359,3.631,2.291,0.625,-0.627,1.1162,-1.6924,5.9681,-156.7839,-178.9708,0.4826
1741951189.439,3.634,2.291,0.622,-0.627,1.1162,-1.6923,5.9682,-156.7819,-178.9809,0.4875
1741951189.518,3.633,2.289,0.623,-0.625,1.1162,-1.6921,5.9683,-156.7786,-178.9738,0.4935
1741951189.598,3.633,2.289,0.623,-0.625,1.1161,-1.692,5.9684,-156.7857,-178.9571,0.5037
1741951189.678,3.636,2.289,0.62,-0.625,1.1161,-1.6919,5.9685,-156.7859,-178.9813,0.5013
1741951189.757,3.633,2.29,0.623,-0.626,1.1161,-1.6918,5.9685,-156.7788,-178.9823,0.5051
1741951189.837,3.636,2.29,0.62,-0.626,1.116,-1.6917,5.9686,-156.781,-178.9764,0.4879
1741951189.917,3.631,2.29,0.623,-0.627,1.1167,-1.6922,5.9687,-156.4042,-178.6846,0.7221
1741951189.998,3.631,2.29,0.622,-0.628,1.1213,-1.6977,5.9685,-155.9596,-177.8398,1.0091
1741951191.111,3.778,2.301,0.478,-0.637,1.1715,-1.8188,5.9734,-156.7856,179.4968,0.1021
1741951191.191,3.778,2.301,0.488,-0.631,1.1694,-1.8181,5.973,-158.9109,-178.3665,0.5616
1741951191.27,3.777,2.301,0.496,-0.627,1.1683,-1.8171,5.9727,-159.9534,-176.7105,1.5663
1741951191.51,3.777,2.302,0.489,-0.632,1.1749,-1.823,5.979,-158.8942,-178.2474,1.367
1741951191.589,3.777,2.302,0.487,-0.634,1.1746,-1.8226,5.9788,-158.4522,-178.755,1.2513
1741951191.669,3.781,2.302,0.482,-0.634,1.1745,-1.8225,5.9786,-158.4142,-179.1249,0.7868
1741951191.749,3.78,2.302,0.481,-0.635,1.1743,-1.8222,5.9784,-157.9072,-179.4336,0.4961
1741951191.828,3.78,2.302,0.478,-0.637,1.1741,-1.822,5.9781,-157.2678,-179.3522,0.4996
1741951191.908,3.777,2.301,0.481,-0.636,1.1754,-1.8236,5.9777,-157.3387,-179.141,0.8175
1741951192.067,3.777,2.303,0.482,-0.637,1.1722,-1.8206,5.9764,-157.6394,-178.4346,1.3297
1741951192.147,3.779,2.301,0.481,-0.635,1.1719,-1.8204,5.9761,-157.7559,-178.6536,0.9472
1741951192.226,3.78,2.303,0.479,-0.638,1.1715,-1.8201,5.9758,-157.5381,-178.5269,0.736
1741951192.306,3.781,2.3,0.483,-0.632,1.1706,-1.8206,5.975,-158.4785,-178.0079,0.842
1741951192.386,3.781,2.3,0.48,-0.633,1.1705,-1.8201,5.9749,-157.9999,-178.1557,1.3793
1741951192.465,3.779,2.303,0.488,-0.632,1.1706,-1.8205,5.9745,-159.086,-177.144,1.6736
1741951192.545,3.778,2.301,0.48,-0.636,1.174,-1.8241,5.9741,-157.4164,-177.1424,2.1799
1741951193.899,3.933,2.313,0.327,-0.647,1.2318,-1.9646,5.9742,-157.7299,-177.4051,3.0069
1741951195.572,4.124,2.332,0.147,-0.66,1.2961,-2.1265,5.9792,-159.4486,-179.5137,1.1242
1741951195.811,4.126,2.332,0.145,-0.66,1.2947,-2.126,5.9789,-159.4337,-178.9341,1.0571
1741951196.05,4.125,2.332,0.147,-0.66,1.2943,-2.1256,5.9789,-159.4803,-179.0982,1.3927
1741951196.129,4.126,2.333,0.151,-0.658,1.2944,-2.1263,5.9788,-160.1815,-178.5689,1.5594
1741951196.209,4.125,2.332,0.148,-0.659,1.2965,-2.129,5.9785,-159.5996,-178.2136,2.0788
1741951196.766,4.128,2.333,0.146,-0.659,1.3004,-2.1319,5.9843,-159.7987,-179.1472,1.5065
1741951197.085,4.124,2.332,0.149,-0.659,1.2988,-2.1314,5.983,-159.6291,-178.5001,1.8981
1741951197.164,4.127,2.333,0.146,-0.66,1.2987,-2.1314,5.983,-159.7058,-178.9284,1.4913
1741951197.324,4.125,2.333,0.147,-0.66,1.2996,-2.1333,5.9801,-159.5707,-179.3665,0.5738
1741951197.404,4.127,2.333,0.146,-0.66,1.2995,-2.1333,5.9801,-159.5997,-179.5546,0.2032
1741951197.483,4.127,2.333,0.146,-0.66,1.2994,-2.1332,5.9801,-159.6186,-179.6238,-0.0193
1741951197.563,4.126,2.333,0.147,-0.66,1.2993,-2.1331,5.9801,-159.6499,-179.6407,-0.1569
1741951197.642,4.125,2.332,0.148,-0.659,1.2992,-2.133,5.9801,-159.6605,-179.6568,-0.2428
1741951197.722,4.124,2.333,0.149,-0.66,1.2991,-2.1329,5.9801,-159.6656,-179.6445,-0.2946
1741951197.802,4.127,2.333,0.146,-0.66,1.299,-2.1328,5.9801,-159.6725,-179.6496,-0.3239
1741951197.881,4.127,2.333,0.146,-0.66,1.2989,-2.1327,5.9801,-159.673,-179.6754,-0.3626
1741951197.961,4.126,2.334,0.147,-0.661,1.2988,-2.1325,5.98,-159.6861,-179.6457,-0.3318
1741951198.041,4.126,2.332,0.147,-0.659,1.2987,-2.1324,5.98,-159.6785,-179.6076,-0.3233
1741951198.12,4.126,2.332,0.147,-0.659,1.2986,-2.1323,5.98,-159.6826,-179.6316,-0.3327
1741951198.2,4.127,2.332,0.146,-0.659,1.2985,-2.1322,5.98,-159.683,-179.6702,-0.371
1741951198.28,4.127,2.332,0.146,-0.659,1.2984,-2.1321,5.98,-159.7021,-179.641,-0.3316
1741951198.359,4.126,2.333,0.147,-0.66,1.2984,-2.132,5.98,-159.6977,-179.7137,-0.3871
1741951198.439,4.126,2.333,0.147,-0.66,1.2983,-2.1319,5.98,-159.6788,-179.6822,-0.3593
1741951198.519,4.127,2.331,0.146,-0.658,1.2982,-2.1318,5.98,-159.6789,-179.6573,-0.3503
1741951198.598,4.126,2.331,0.147,-0.658,1.2981,-2.1317,5.98,-159.7088,-179.7581,-0.4307
1741951198.678,4.126,2.331,0.147,-0.658,1.2981,-2.1317,5.98,-159.7077,-179.7408,-0.4172
1741951198.758,4.126,2.333,0.147,-0.66,1.2979,-2.1315,5.98,-159.7134,-179.6585,-0.3842
1741951198.837,4.126,2.332,0.147,-0.659,1.2979,-2.1314,5.98,-159.7117,-179.6303,-0.3557
1741951198.917,4.125,2.331,0.148,-0.658,1.2978,-2.1314,5.98,-159.7168,-179.6465,-0.3691
1741951198.997,4.126,2.333,0.147,-0.66,1.2977,-2.1313,5.98,-159.7106,-179.6304,-0.3686
1741951199.076,4.126,2.333,0.147,-0.66,1.2976,-2.1312,5.98,-159.7074,-179.6377,-0.3773
1741951199.156,4.125,2.331,0.148,-0.658,1.2976,-2.1311,5.98,-159.6749,-179.6758,-0.3822
1741951199.235,4.124,2.334,0.149,-0.661,1.2975,-2.131,5.9799,-159.6997,-179.6352,-0.3618
1741951199.315,4.125,2.333,0.148,-0.66,1.2974,-2.1309,5.9799,-159.7083,-179.6392,-0.361
1741951199.395,4.125,2.333,0.148,-0.66,1.2974,-2.1308,5.9799,-159.6942,-179.6732,-0.3696
1741951199.474,4.125,2.333,0.148,-0.66,1.2973,-2.1307,5.9799,-159.6802,-179.6299,-0.3334
1741951199.554,4.127,2.332,0.146,-0.659,1.2972,-2.1306,5.9799,-159.6637,-179.6099,-0.3293
1741951199.634,4.126,2.333,0.147,-0.66,1.2971,-2.1306,5.9799,-159.6812,-179.6225,-0.3288
1741951199.713,4.126,2.332,0.147,-0.659,1.2971,-2.1305,5.9799,-159.664,-179.6338,-0.3301
1741951199.793,4.125,2.332,0.148,-0.659,1.297,-2.1304,5.9799,-159.6528,-179.6423,-0.3204
1741951199.873,4.125,2.332,0.148,-0.659,1.2969,-2.1304,5.9799,-159.7067,-179.6222,-0.3521
1741951199.952,4.126,2.332,0.147,-0.659,1.2969,-2.1303,5.9799,-159.6761,-179.6441,-0.3668
1741951200.032,4.125,2.332,0.148,-0.659,1.2968,-2.1302,5.9799,-159.6927,-179.6132,-0.3427
1741951200.112,4.125,2.332,0.148,-0.659,1.2968,-2.1301,5.9799,-159.7118,-179.6181,-0.3588
1741951200.191,4.125,2.331,0.148,-0.658,1.2967,-2.1301,5.9799,-159.6821,-179.636,-0.365
1741951200.271,4.125,2.331,0.148,-0.658,1.2967,-2.13,5.9799,-159.7123,-179.6323,-0.3598
1741951200.351,4.127,2.333,0.146,-0.66,1.2966,-2.1299,5.9799,-159.7028,-179.6388,-0.3474
1741951200.43,4.127,2.333,0.146,-0.66,1.2965,-2.1298,5.9799,-159.6661,-179.6348,-0.357
1741951200.51,4.125,2.333,0.148,-0.66,1.2965,-2.1298,5.9799,-159.6406,-179.6549,-0.3626
1741951200.59,4.125,2.333,0.148,-0.66,1.2964,-2.1297,5.9799,-159.6558,-179.6547,-0.3595
1741951200.669,4.126,2.333,0.147,-0.66,1.2964,-2.1297,5.9799,-159.6841,-179.6478,-0.3486
1741951200.749,4.126,2.333,0.147,-0.66,1.2963,-2.1296,5.9799,-159.6874,-179.6256,-0.3347
1741951200.828,4.126,2.332,0.148,-0.659,1.2963,-2.1295,5.9799,-159.719,-179.6117,-0.3417
1741951200.908,4.124,2.332,0.149,-0.659,1.2962,-2.1295,5.9799,-159.7133,-179.6205,-0.3609
1741951200.988,4.124,2.332,0.149,-0.659,1.2962,-2.1294,5.9799,-159.7151,-179.602,-0.3514
1741951201.067,4.125,2.332,0.148,-0.659,1.2961,-2.1293,5.9799,-159.7095,-179.6092,-0.3441
1741951201.147,4.125,2.332,0.148,-0.659,1.2961,-2.1293,5.9799,-159.7014,-179.6286,-0.3715
1741951201.227,4.125,2.333,0.148,-0.66,1.296,-2.1292,5.9799,-159.7054,-179.6209,-0.3513
1741951201.306,4.125,2.331,0.149,-0.658,1.296,-2.1292,5.9799,-159.726,-179.629,-0.3618
1741951201.386,4.125,2.331,0.149,-0.658,1.2959,-2.1291,5.9799,-159.7345,-179.6297,-0.3692
1741951201.587,4.125,2.333,0.148,-0.66,1.2958,-2.129,5.9799,-159.6944,-179.6247,-0.3618
1741951201.665,4.126,2.332,0.147,-0.659,1.2958,-2.1289,5.9799,-159.6915,-179.6582,-0.3903
1741951201.744,4.124,2.333,0.149,-0.66,1.2957,-2.1289,5.9799,-159.6974,-179.6399,-0.399
1741951201.824,4.125,2.333,0.148,-0.66,1.2957,-2.1288,5.9799,-159.7182,-179.6038,-0.3441
1741951201.904,4.127,2.332,0.147,-0.659,1.2957,-2.1288,5.9799,-159.72,-179.6132,-0.3495
1741951201.983,4.127,2.332,0.147,-0.659,1.2956,-2.1287,5.9799,-159.7267,-179.6373,-0.3615
1741951202.063,4.124,2.332,0.15,-0.659,1.2956,-2.1287,5.9799,-159.7281,-179.6363,-0.3716
1741951202.142,4.125,2.333,0.148,-0.66,1.2955,-2.1286,5.9799,-159.7162,-179.6447,-0.3563
1741951202.222,4.126,2.334,0.147,-0.661,1.2955,-2.1286,5.9799,-159.7166,-179.6529,-0.3803
1741951202.302,4.125,2.332,0.148,-0.659,1.2955,-2.1285,5.9799,-159.6962,-179.6415,-0.3634
1741951202.382,4.125,2.332,0.148,-0.659,1.2954,-2.1285,5.9799,-159.7163,-179.6591,-0.3749
1741951202.461,4.124,2.333,0.149,-0.66,1.2954,-2.1284,5.98,-159.7079,-179.6453,-0.3397
1741951202.541,4.125,2.334,0.156,-0.656,1.2957,-2.1289,5.9797,-160.6488,-178.8747,0.8179
1741951202.62,4.125,2.332,0.151,-0.657,1.2954,-2.1285,5.9798,-160.0715,-179.2273,0.5747
1741951202.7,4.125,2.331,0.149,-0.657,1.2967,-2.1305,5.9796,-159.7814,-179.1726,1.216
1741951202.78,4.125,2.331,0.147,-0.659,1.3005,-2.1367,5.9789,-159.4526,-178.6138,2.0413
1741951204.831,4.131,3.073,0.121,-1.411,0.6353,-2.487,5.9996,-155.4517,-177.5561,-2.6762
1741951204.91,4.13,3.05,0.12,-1.39,0.6401,-2.4879,5.993,-153.6343,-177.2052,-1.8328
1741951205.388,4.134,3.067,0.116,-1.407,0.6359,-2.5001,5.9895,-153.9357,-178.9025,-0.6525
1741951205.468,4.134,3.067,0.116,-1.407,0.636,-2.4986,5.9906,-153.7573,-178.7344,-0.6866
1741951205.547,4.133,3.068,0.117,-1.408,0.6337,-2.498,5.9915,-153.7069,-179.6104,-0.3943
1741951205.627,4.133,3.07,0.117,-1.41,0.6326,-2.4962,5.9921,-153.2064,-179.7295,-0.9332
1741951205.707,4.136,3.067,0.114,-1.407,0.6285,-2.4927,5.993,-153.0497,179.8853,-1.3858
1741951205.786,4.135,3.061,0.115,-1.401,0.6291,-2.4927,5.993,-152.9143,179.9699,-0.7486
1741951205.866,4.135,3.061,0.115,-1.401,0.6303,-2.4935,5.9931,-152.8847,-179.8735,-0.5224
1741951205.946,4.136,3.06,0.114,-1.4,0.6312,-2.4942,5.9932,-153.0952,-179.6042,-0.4125
1741951206.025,4.136,3.061,0.114,-1.401,0.6324,-2.4955,5.993,-153.3959,-179.3433,-0.5366
1741951206.105,4.137,3.063,0.113,-1.403,0.6278,-2.4921,5.9936,-153.687,-179.7213,-0.7918
1741951206.185,4.137,3.071,0.113,-1.411,0.6272,-2.491,5.9936,-153.372,-178.8757,0.7507
1741951206.264,4.136,3.071,0.114,-1.411,0.6272,-2.4911,5.9937,-153.9859,-178.8347,0.6074
1741951206.344,4.138,3.069,0.112,-1.409,0.6273,-2.4913,5.9939,-153.9986,-179.1236,0.1472
1741951206.424,4.137,3.062,0.113,-1.402,0.6273,-2.4913,5.994,-153.8572,-179.2922,-0.1028
1741951206.503,4.137,3.07,0.113,-1.41,0.6265,-2.4907,5.9936,-153.6173,-177.7172,3.5065
1741951206.583,4.137,3.069,0.113,-1.409,0.6266,-2.491,5.9936,-153.2142,-178.3821,2.8841
1741951206.662,4.137,3.069,0.113,-1.409,0.6267,-2.4911,5.9937,-153.1663,-178.838,1.9256
1741951206.742,4.136,3.072,0.114,-1.412,0.6268,-2.4912,5.9938,-153.4505,-179.3521,1.0402
1741951206.822,4.137,3.062,0.113,-1.402,0.6268,-2.4913,5.9938,-153.1465,-179.24,0.4064
1741951206.902,4.136,3.063,0.116,-1.401,0.6265,-2.4917,5.9935,-155.5804,-177.6961,0.8439
1741951206.981,4.136,3.063,0.118,-1.4,0.6263,-2.4903,5.9936,-151.0165,-176.8485,3.1984
1741951207.061,4.136,3.069,0.117,-1.407,0.6264,-2.4905,5.9937,-151.421,-177.5638,2.1389
1741951207.14,4.137,3.062,0.115,-1.401,0.6266,-2.4907,5.9938,-151.8379,-178.1613,1.2586
1741951207.22,4.136,3.062,0.115,-1.401,0.6267,-2.4909,5.9939,-152.2767,-178.5492,0.6568
1741951207.3,4.137,3.06,0.113,-1.4,0.6267,-2.491,5.994,-152.7126,-178.8248,0.2158
1741951207.379,4.137,3.06,0.113,-1.4,0.6268,-2.4912,5.994,-153.1209,-178.9665,-0.0972
1741951207.459,4.137,3.072,0.113,-1.412,0.6268,-2.4912,5.994,-153.4445,-179.0051,-0.2765
1741951207.539,4.137,3.063,0.113,-1.403,0.6294,-2.495,5.9939,-153.9087,-178.6478,0.2454
1741951207.618,4.137,3.069,0.113,-1.409,0.6368,-2.505,5.9942,-153.0765,-179.0246,-0.2624
1741951208.813,4.193,3.064,0.058,-1.404,0.6595,-2.5475,5.989,-154.6218,-179.3814,-0.2899
1741951208.892,4.178,3.068,0.072,-1.408,0.6464,-2.5201,5.9894,-154.3262,-179.0781,-0.631
1741951210.705,3.843,3.067,0.411,-1.403,0.4942,-2.2174,5.9898,-156.3441,-178.3669,-0.1701
1741951210.943,3.798,3.075,0.467,-1.403,0.4714,-2.1704,5.9873,-158.7477,-177.5002,2.6267
1741951211.262,3.735,3.065,0.521,-1.4,0.4504,-2.1344,5.977,-156.774,-176.3832,5.3156
1741951211.342,3.721,3.06,0.533,-1.396,0.4474,-2.1235,5.9798,-156.3815,-176.6181,4.6466
1741951211.421,3.704,3.061,0.549,-1.399,0.4419,-2.1097,5.9805,-155.8587,-176.9879,4.3862
1741951211.501,3.688,3.058,0.564,-1.396,0.4362,-2.0943,5.9814,-155.6033,-177.455,3.4833
1741951211.66,3.663,3.065,0.588,-1.404,0.4207,-2.0584,5.9818,-155.0359,-178.1012,2.1734
1741951211.74,3.645,3.057,0.605,-1.397,0.4133,-2.0431,5.9816,-154.4873,-178.766,2.0407
1741951211.82,3.623,3.056,0.628,-1.395,0.4064,-2.0288,5.981,-154.8862,-178.229,2.1121
1741951211.899,3.608,3.059,0.643,-1.398,0.3987,-2.0128,5.9811,-154.8139,-178.4316,1.6092
1741951212.696,3.458,3.048,0.792,-1.388,0.3394,-1.8793,5.9814,-154.3439,-178.4806,2.2227
1741951231.034,0.885,3.1,3.367,-1.435,-0.8325,0.4257,5.9618,-157.006,-179.2383,1.1246
1741951231.114,0.885,3.1,3.367,-1.434,-0.8285,0.417,5.9619,-157.0477,-179.2749,0.9294
1741951231.194,0.887,3.097,3.364,-1.432,-0.8233,0.4021,5.9621,-156.9099,-179.6448,0.4559
1741951231.273,0.904,3.104,3.348,-1.437,-0.8153,0.3853,5.961,-157.3593,-179.9028,-0.7767
1741951231.592,0.976,3.105,3.275,-1.441,-0.7865,0.3175,5.9606,-156.5385,-179.7416,-1.584
1741951231.672,0.998,3.101,3.253,-1.437,-0.7797,0.3055,5.9608,-156.515,-179.4402,-1.516
1741951231.751,1.014,3.101,3.237,-1.437,-0.7721,0.2966,5.962,-156.363,-178.4391,-2.051
1741951232.468,1.17,3.11,3.083,-1.442,-0.7164,0.1625,5.9639,-157.738,-178.0206,-1.1534
1741951232.627,1.175,3.115,3.077,-1.449,-0.715,0.1611,5.9644,-157.2939,-178.1573,-2.5341
1741951232.707,1.175,3.116,3.078,-1.449,-0.7121,0.1546,5.966,-157.4252,-178.5524,-3.7967
1741951232.787,1.177,3.112,3.076,-1.444,-0.7053,0.1379,5.9666,-157.7695,-178.5032,-4.1981
1741951235.455,1.807,3.144,2.443,-1.484,-0.4522,-0.4453,5.9683,-154.5795,-178.6024,-2.7042
1741951242.384,3.208,3.186,1.048,-1.52,0.1159,-1.7088,5.978,-157.0011,179.38,-2.8968
1741951247.681,4.182,3.216,0.069,-1.555,0.5108,-2.6017,5.9933,-155.0559,-179.0419,-2.0614
1741951247.76,4.183,3.216,0.068,-1.555,0.5098,-2.6021,5.9931,-154.8453,-179.2763,-1.7837
1741951247.84,4.179,3.216,0.072,-1.555,0.5091,-2.6027,5.993,-154.9443,-179.5441,-1.6076
1741951247.92,4.179,3.216,0.072,-1.555,0.5085,-2.6033,5.9929,-154.9748,-179.6613,-1.4047
1741951247.999,4.179,3.217,0.073,-1.556,0.5084,-2.6036,5.9926,-155.3065,-179.4612,-1.3995
1741951248.079,4.179,3.224,0.073,-1.562,0.5054,-2.603,5.9929,-155.4829,-179.8541,-1.1516
1741951248.159,4.18,3.224,0.071,-1.563,0.5052,-2.603,5.9928,-155.1104,-179.7271,-1.0836
1741951248.238,4.181,3.224,0.07,-1.563,0.5051,-2.603,5.9928,-155.0575,-179.868,-1.095
1741951248.318,4.181,3.223,0.07,-1.562,0.5051,-2.6031,5.9928,-155.0209,-179.933,-1.041
1741951248.398,4.182,3.217,0.069,-1.556,0.5051,-2.6031,5.9927,-155.0102,-179.9912,-1.0539
1741951248.477,4.18,3.217,0.071,-1.556,0.5051,-2.6031,5.9927,-154.8405,179.9533,-1.048
1741951248.557,4.181,3.217,0.07,-1.556,0.5051,-2.6031,5.9927,-154.9419,-179.9956,-1.0238
1741951248.636,4.181,3.217,0.071,-1.555,0.505,-2.6032,5.9926,-155.3508,-179.8279,-1.0449
1741951248.716,4.181,3.224,0.071,-1.562,0.505,-2.6032,5.9926,-155.49,-179.8924,-1.135
1741951248.796,4.18,3.223,0.072,-1.561,0.505,-2.6032,5.9926,-155.474,-179.8356,-1.0748
1741951248.875,4.178,3.222,0.074,-1.561,0.505,-2.6032,5.9926,-155.3318,-179.8951,-1.0229
1741951248.955,4.181,3.223,0.071,-1.562,0.5051,-2.6032,5.9926,-155.2424,179.9726,-1.0298
1741951249.035,4.181,3.223,0.071,-1.561,0.505,-2.6033,5.9925,-155.4493,-179.78,-0.9365
1741951249.114,4.181,3.223,0.071,-1.561,0.505,-2.6033,5.9925,-155.5408,-179.7007,-0.9108
1741951249.194,4.181,3.217,0.071,-1.555,0.5049,-2.6032,5.9925,-155.576,-179.6612,-0.8699
1741951249.274,4.181,3.222,0.072,-1.56,0.5049,-2.6032,5.9924,-155.6131,-179.6109,-0.8524
1741951251.882,4.185,3.67,0.075,-2.002,0.1046,-2.7957,6.0124,-157.4681,-177.8665,-2.0512
1741951252.161,4.173,3.663,0.078,-2.003,0.0992,-2.7924,6.011,-154.5238,-179.1537,-3.2541
1741951252.4,4.167,3.698,0.087,-2.034,0.0888,-2.7866,6.0049,-156.2282,179.7549,-4.4634
1741951252.48,4.168,3.695,0.084,-2.033,0.0917,-2.7891,6.0031,-155.4157,-179.5645,-3.186
1741951252.559,4.166,3.681,0.084,-2.021,0.091,-2.7897,6.0024,-154.4508,-179.6445,-2.327
1741951252.639,4.169,3.681,0.081,-2.021,0.091,-2.7906,6.0024,-153.654,-179.774,-1.8848
1741951252.718,4.169,3.675,0.081,-2.015,0.0922,-2.7915,6.0024,-152.8139,-179.9891,-2.0119
1741951252.798,4.168,3.681,0.082,-2.021,0.0926,-2.7949,6.0023,-152.7754,179.9055,-1.6058
1741951252.878,4.172,3.684,0.08,-2.022,0.0921,-2.7965,6.0025,-151.7146,179.2235,-0.7825
1741951252.957,4.175,3.684,0.078,-2.022,0.0921,-2.7978,6.0025,-151.5193,179.3137,-0.8114
1741951253.037,4.175,3.684,0.076,-2.023,0.0922,-2.7998,6.0027,-152.2359,179.4798,-0.9545
1741951253.117,4.175,3.676,0.075,-2.016,0.0924,-2.8025,6.0029,-153.1995,179.5887,-1.059
1741951253.196,4.175,3.674,0.075,-2.014,0.0933,-2.8052,6.0029,-153.6604,179.6446,-1.1599
1741951253.515,4.181,3.673,0.069,-2.013,0.0963,-2.8097,6.0031,-153.2312,179.6173,-1.2383
1741951253.594,4.182,3.68,0.068,-2.02,0.0967,-2.8109,6.0031,-153.4268,179.6204,-1.313
1741951253.674,4.184,3.676,0.066,-2.016,0.0974,-2.813,6.0031,-154.0976,179.8877,-1.1314
1741951254.789,4.199,3.682,0.051,-2.022,0.0983,-2.8197,6.0037,-153.6531,179.3315,-1.1196
1741951254.869,4.197,3.676,0.054,-2.016,0.1001,-2.818,6.0039,-152.6696,179.7251,-1.4287
1741951254.949,4.194,3.673,0.057,-2.012,0.101,-2.8156,6.0043,-152.1554,179.7237,-2.0804
1741951255.028,4.194,3.673,0.057,-2.012,0.1016,-2.8159,6.0047,-152.2339,179.6392,-2.3162
1741951255.108,4.194,3.678,0.058,-2.016,0.1033,-2.8209,6.0043,-151.7511,-179.9544,-0.5458
1741951255.187,4.194,3.68,0.057,-2.019,0.1048,-2.824,6.0034,-152.2518,-179.8826,-0.5607
1741951255.347,4.198,3.676,0.052,-2.016,0.1027,-2.8187,6.0034,-152.7805,179.5413,-2.2079
1741951255.426,4.196,3.676,0.054,-2.016,0.1013,-2.8158,6.0036,-152.7228,179.3019,-2.0366
1741951255.506,4.196,3.672,0.054,-2.012,0.1006,-2.814,6.0032,-152.7854,179.4624,-1.7422
1741951255.586,4.195,3.678,0.055,-2.018,0.0985,-2.814,6.0016,-153.9342,177.2365,-0.4511
1741951255.665,4.192,3.674,0.058,-2.014,0.0991,-2.8181,6.0018,-153.8496,177.839,-0.3001
1741951255.745,4.193,3.674,0.058,-2.013,0.0998,-2.8167,6.0022,-154.7203,178.1953,-0.5537
1741951255.825,4.193,3.674,0.058,-2.013,0.1024,-2.8144,6.0027,-154.6117,178.763,-0.5337
1741951255.904,4.194,3.677,0.056,-2.017,0.1033,-2.8118,6.0028,-154.2177,179.0498,-0.9003
1741951255.984,4.192,3.67,0.059,-2.009,0.105,-2.8105,6.0028,-152.492,178.9585,-0.591
1741951256.621,4.192,3.668,0.059,-2.008,0.1109,-2.8186,6.0068,-152.6712,179.3476,-0.9618
1741951256.78,4.19,3.665,0.061,-2.004,0.1086,-2.8139,6.0047,-152.5584,179.7724,-0.7392
1741951256.86,4.19,3.669,0.061,-2.008,0.1082,-2.813,6.0042,-152.5648,179.7363,-0.7735
1741951256.94,4.191,3.668,0.06,-2.008,0.1079,-2.8125,6.004,-152.6707,179.7208,-0.7954
1741951257.019,4.191,3.668,0.059,-2.008,0.1076,-2.812,6.0037,-153.0908,179.783,-0.9664
1741951257.099,4.189,3.668,0.061,-2.008,0.1075,-2.812,6.0036,-154.3408,179.7098,-1.531
1741951257.179,4.192,3.665,0.058,-2.005,0.1075,-2.8117,6.0036,-154.275,179.8188,-1.5048
1741951257.258,4.19,3.67,0.06,-2.01,0.1074,-2.8114,6.0035,-154.2526,179.871,-1.3259
1741951257.338,4.191,3.669,0.059,-2.009,0.1072,-2.8112,6.0034,-154.2271,179.8387,-1.2929
1741951257.418,4.191,3.669,0.059,-2.009,0.1071,-2.8111,6.0034,-154.0862,179.8495,-1.2483
1741951257.497,4.19,3.665,0.06,-2.005,0.1071,-2.811,6.0033,-154.0552,179.8213,-1.2031
1741951257.577,4.19,3.666,0.06,-2.006,0.107,-2.8109,6.0033,-153.9434,179.8239,-1.1353
1741951257.656,4.191,3.667,0.059,-2.007,0.1069,-2.8108,6.0033,-153.8365,179.8677,-1.1599
1741951257.736,4.19,3.667,0.06,-2.007,0.1047,-2.8056,6.003,-154.0634,179.9162,-0.92
1741951273.606,0.738,3.763,3.512,-2.103,-1.4975,0.2561,5.9756,-152.8067,-179.0602,-1.1514
1741951273.685,0.738,3.762,3.512,-2.102,-1.4907,0.2418,5.975,-152.8285,-179.0723,-1.1078
1741951274.243,0.869,3.765,3.381,-2.105,-1.4316,0.1299,5.9787,-153.7212,-177.1257,-2.1514
1741951274.323,0.882,3.762,3.368,-2.102,-1.4276,0.1221,5.9787,-153.7428,-177.1601,-2.6762
1741951274.402,0.89,3.762,3.36,-2.102,-1.4216,0.1103,5.9786,-153.7209,-177.3024,-3.1783
1741951274.721,0.947,3.771,3.303,-2.111,-1.3951,0.051,5.979,-152.864,-177.3711,-1.9281
1741951274.8,0.967,3.771,3.283,-2.11,-1.3893,0.037,5.979,-152.5697,-178.3456,-2.0396
1741951275.995,1.231,3.769,3.02,-2.107,-1.275,-0.2049,5.9777,-155.4479,-178.215,-2.0862
1741951281.411,2.342,3.72,1.91,-2.058,-0.7454,-1.1793,5.9867,-151.5188,-178.7,-0.7435
1741951287.325,3.413,3.68,0.839,-2.018,-0.2351,-2.1242,5.9882,-151.651,-179.4588,-0.9053
1741951293.537,4.176,3.669,0.074,-2.009,0.0962,-2.7989,5.9998,-153.4861,179.1247,-2.9864
1741951296.245,4.181,4.499,0.069,-2.838,-0.6363,-3.1615,6.0204,-152.7349,178.4265,-5.3491
1741951296.325,4.178,4.505,0.073,-2.844,-0.6419,-3.1624,6.0224,-152.1879,176.8948,-3.585
1741951296.405,4.18,4.497,0.071,-2.836,-0.641,-3.1556,6.021,-152.3341,177.0038,-4.2476
1741951296.484,4.18,4.497,0.07,-2.837,-0.6351,-3.149,6.021,-153.1879,179.1273,-5.1305
1741951296.644,4.174,4.491,0.076,-2.831,-0.6358,-3.1469,6.0175,-153.6617,179.3105,-4.4137
1741951296.723,4.173,4.484,0.078,-2.823,-0.6372,-3.1481,6.0168,-154.5584,178.8371,-3.9765
1741951297.639,4.187,4.494,0.064,-2.833,-0.633,-3.1532,6.019,-154.5711,178.6093,-4.3411
1741951297.878,4.192,4.49,0.058,-2.83,-0.6252,-3.1751,6.0169,-154.0546,177.8421,-3.6414
1741951297.958,4.192,4.492,0.058,-2.832,-0.6306,-3.1679,6.0153,-153.8687,177.7724,-3.5774
1741951298.117,4.19,4.492,0.06,-2.832,-0.6348,-3.1604,6.0159,-154.4187,178.2737,-4.014
1741951298.197,4.187,4.493,0.065,-2.831,-0.635,-3.16,6.016,-155.483,178.5813,-3.8935
1741951298.276,4.188,4.493,0.064,-2.831,-0.6333,-3.1615,6.0164,-155.3083,178.6229,-3.5461
1741951298.913,4.195,4.482,0.061,-2.816,-0.619,-3.1587,6.016,-156.5825,179.8861,-2.6562
1741951298.993,4.191,4.478,0.063,-2.814,-0.6188,-3.1613,6.0156,-156.0768,-179.9227,-2.365
1741951299.152,4.188,4.478,0.068,-2.811,-0.6189,-3.1586,6.0167,-156.7325,-179.986,-4.9426
1741951299.232,4.191,4.487,0.063,-2.822,-0.6191,-3.159,6.0163,-156.1783,179.4244,-4.3011
1741951302.079,4.191,4.487,0.059,-2.827,-0.6183,-3.1814,6.0031,-154.3278,179.2895,-1.4246
1741951302.159,4.191,4.479,0.059,-2.819,-0.6205,-3.1743,6.0038,-153.9474,178.8131,-1.8418
1741951302.239,4.189,4.48,0.061,-2.82,-0.6243,-3.1623,6.0061,-153.827,178.4845,-2.3032
1741951305.425,3.589,4.485,0.661,-2.825,-0.8891,-2.6138,6.0112,-153.6076,179.6052,-1.8233
1741951314.564,1.663,4.502,2.587,-2.841,-1.743,-0.891,5.9896,-152.4475,-177.9344,1.462
1741951317.989,0.935,4.527,3.317,-2.855,-2.0776,-0.2411,5.9836,-149.4946,-178.1264,-0.1668
1741951318.069,0.923,4.527,3.329,-2.858,-2.0765,-0.2427,5.9835,-149.975,-178.4053,-0.21
1741951318.148,0.923,4.519,3.329,-2.851,-2.076,-0.2452,5.9838,-150.2519,-178.6682,-0.0832
1741951318.228,0.929,4.518,3.322,-2.851,-2.0763,-0.247,5.9845,-150.4365,-178.7882,-0.0129
1741951318.308,0.93,4.525,3.322,-2.858,-2.0744,-0.2519,5.985,-150.3418,-178.5899,0.0456
1741951326.611,2.534,4.616,1.722,-2.946,-1.4585,-1.7391,5.994,-149.7403,-178.5341,-3.0169
1741951331.549,3.493,4.575,0.757,-2.915,-1.0111,-2.5918,6.0016,-153.3392,177.3418,-10.1712
1741951331.788,3.535,4.578,0.717,-2.915,-0.9892,-2.6238,6.0015,-151.6323,179.1782,-7.2343
1741951331.867,3.55,4.577,0.702,-2.915,-0.9824,-2.6386,6.0026,-151.7928,179.0398,-6.3475
1741951331.947,3.569,4.577,0.682,-2.916,-0.9745,-2.6551,6.0031,-152.158,179.1947,-5.4865
1741951332.743,3.734,4.577,0.519,-2.913,-0.8991,-2.7977,6.0045,-151.2009,179.3634,-5.7118
1741951332.823,3.734,4.579,0.52,-2.914,-0.8937,-2.8023,6.0054,-150.9354,-179.9989,-5.8302
1741951333.54,3.882,4.571,0.37,-2.909,-0.8298,-2.9383,6.0104,-155.1932,-179.7387,-1.7759
1741951335.511,4.195,4.586,0.068,-2.912,-0.7064,-3.1996,6.0144,-158.1089,-177.7258,-2.0231
1741951336.308,4.194,4.584,0.064,-2.915,-0.7155,-3.2009,6.0275,-157.0936,179.687,-1.3574
1741951338.617,4.191,4.623,0.062,-2.96,-0.7415,-3.2324,6.0068,-155.6955,175.6088,-0.2368
1741951338.777,4.185,4.631,0.067,-2.968,-0.747,-3.2335,6.0006,-155.5479,177.6993,-1.6565
1741951338.856,4.181,4.625,0.071,-2.962,-0.7522,-3.2289,6.0066,-155.5421,178.2132,-2.2526
1741951343.635,3.888,5.376,0.373,-3.7,-1.5357,-3.2625,6.0211,-149.2381,178.9291,-4.082
1741951343.715,3.888,5.361,0.372,-3.688,-1.5415,-3.2606,6.0396,-149.5605,179.0915,-3.2766
1741951344.113,3.886,5.358,0.369,-3.691,-1.5359,-3.2562,6.0231,-150.6485,179.3569,-5.9161
1741951344.193,3.884,5.358,0.371,-3.691,-1.5349,-3.2572,6.019,-150.725,179.2436,-5.7449
1741951344.272,3.884,5.359,0.369,-3.695,-1.5353,-3.2575,6.0182,-151.4734,179.2077,-6.2523
1741951344.352,3.883,5.359,0.37,-3.695,-1.5365,-3.2609,6.0201,-151.3033,179.5401,-6.0016
1741951344.83,3.887,5.357,0.371,-3.686,-1.5362,-3.271,6.0299,-149.8608,179.657,-3.9478
1741951344.909,3.887,5.357,0.371,-3.686,-1.5357,-3.272,6.0297,-149.9999,179.1464,-4.5282
1741951344.989,3.885,5.357,0.368,-3.692,-1.5355,-3.2728,6.0294,-151.1897,179.3288,-5.042
1741951345.069,3.886,5.357,0.366,-3.695,-1.5355,-3.2736,6.0291,-151.8548,179.8702,-5.8136
1741951345.148,3.885,5.358,0.366,-3.697,-1.5353,-3.2743,6.0289,-152.556,179.7485,-6.7235
1741951345.228,3.884,5.358,0.367,-3.697,-1.5353,-3.2745,6.0288,-152.4387,179.8932,-5.8258
1741951345.308,3.884,5.356,0.367,-3.695,-1.5351,-3.2747,6.0286,-152.422,179.7825,-5.4301
1741951345.387,3.887,5.358,0.365,-3.695,-1.535,-3.2749,6.0285,-151.7961,179.6854,-5.302
1741951345.467,3.886,5.358,0.368,-3.693,-1.5348,-3.2751,6.0284,-151.1556,179.5264,-4.7765
1741951345.546,3.883,5.356,0.371,-3.69,-1.5347,-3.2751,6.0283,-150.9262,179.5098,-3.9623
1741951345.626,3.886,5.356,0.369,-3.69,-1.5346,-3.2751,6.0281,-150.8252,179.5536,-3.3033
1741951345.706,3.886,5.362,0.369,-3.695,-1.5345,-3.2752,6.028,-150.727,179.613,-2.8147
1741951345.786,3.886,5.358,0.369,-3.691,-1.5345,-3.2752,6.0279,-150.6242,179.6679,-2.4301
1741951345.865,3.886,5.356,0.37,-3.688,-1.5344,-3.2752,6.0278,-150.538,179.681,-2.1489
1741951345.945,3.883,5.356,0.373,-3.688,-1.5344,-3.2754,6.0277,-150.4237,179.7487,-2.0423
1741951346.025,3.883,5.357,0.373,-3.688,-1.5343,-3.2755,6.0275,-150.3246,179.7847,-1.9648
1741951346.104,3.885,5.358,0.372,-3.689,-1.5342,-3.2756,6.0274,-150.247,179.7939,-1.9049
1741951346.184,3.883,5.359,0.374,-3.69,-1.5341,-3.2757,6.0272,-150.1908,179.8155,-1.8759
1741951346.263,3.885,5.357,0.372,-3.687,-1.534,-3.2758,6.0271,-150.1345,179.8275,-1.8541
1741951346.343,3.886,5.357,0.371,-3.687,-1.534,-3.2759,6.027,-150.1034,179.8407,-1.8448
1741951346.502,3.885,5.357,0.369,-3.692,-1.5338,-3.2741,6.026,-151.1505,179.5133,-4.8296
1741951346.582,3.886,5.358,0.368,-3.692,-1.5342,-3.2677,6.024,-150.8552,179.3457,-4.86
1741951346.662,3.884,5.357,0.373,-3.687,-1.5334,-3.2764,6.0267,-150.1657,179.0812,-3.9248
1741951346.741,3.885,5.357,0.37,-3.689,-1.5334,-3.2766,6.0265,-150.5667,179.4253,-3.804
1741951346.821,3.885,5.357,0.371,-3.689,-1.5331,-3.277,6.0266,-150.5236,178.6174,-4.6666
1741951346.901,3.885,5.357,0.371,-3.689,-1.5332,-3.277,6.0265,-150.4441,178.9319,-4.3186
1741951346.98,3.887,5.357,0.372,-3.685,-1.5336,-3.275,6.0259,-149.728,178.6462,-4.4686
1741951347.06,3.884,5.358,0.373,-3.688,-1.5363,-3.2666,6.0241,-150.0772,178.9011,-4.7929
1741951347.14,3.883,5.358,0.378,-3.683,-1.5423,-3.2521,6.0218,-149.3367,178.2149,-4.6695
1741951360.719,1.502,5.446,2.749,-3.782,-2.6656,-1.1577,6.0052,-155.6827,-178.7619,-0.6581
1741951361.117,1.427,5.443,2.824,-3.78,-2.6966,-1.0906,6.0043,-155.4523,-178.3192,-0.3309
1741951361.914,1.279,5.445,2.971,-3.784,-2.7582,-0.9634,5.9958,-154.7775,-173.8638,1.0406
1741951362.631,1.155,5.45,3.095,-3.789,-2.8224,-0.8524,6.0028,-152.3012,-178.7321,-0.31
1741951362.71,1.155,5.453,3.095,-3.791,-2.8223,-0.8526,6.0028,-152.1902,-178.7877,-0.3957
1741951362.79,1.139,5.451,3.111,-3.789,-2.8212,-0.8541,6.0026,-152.2504,-178.4797,-0.2284
1741951362.87,1.14,5.452,3.11,-3.792,-2.8184,-0.8573,6.0018,-154.2094,-174.1957,1.2084
1741951374.936,3.682,5.439,0.568,-3.779,-1.7116,-3.1281,6.0226,-153.5461,178.9575,-3.1592
1741951375.016,3.68,5.439,0.571,-3.778,-1.711,-3.1318,6.0231,-154.6381,179.3072,-3.4005
1741951385.509,4.105,2.616,0.148,-0.954,1.0343,-2.2677,5.9758,-155.642,-178.3745,1.4233
1741951385.589,4.105,2.616,0.148,-0.954,1.0339,-2.2694,5.9736,-155.9154,-178.6909,1.4732
1741951386.067,4.106,2.616,0.149,-0.952,1.0344,-2.2714,5.9721,-156.5647,-178.9532,0.4894
1741951386.226,4.105,2.615,0.149,-0.952,1.0261,-2.261,5.979,-156.1535,-179.7685,-0.3911
1741951386.306,4.104,2.615,0.15,-0.953,1.0259,-2.2605,5.9794,-156.0282,-179.8305,-0.5147
1741951386.385,4.104,2.615,0.15,-0.953,1.0257,-2.2602,5.9795,-156.0369,-179.9693,-0.5923
1741951386.465,4.104,2.614,0.149,-0.952,1.0256,-2.26,5.9797,-155.9411,-179.9434,-0.5178
1741951386.545,4.105,2.614,0.149,-0.951,1.0253,-2.2598,5.9797,-156.2497,-179.6696,-0.4474
1741951386.624,4.105,2.614,0.148,-0.952,1.0253,-2.2596,5.9798,-155.8954,-179.8221,-0.288
1741951386.704,4.104,2.614,0.149,-0.952,1.0253,-2.2595,5.9799,-155.6999,-179.8522,-0.31
1741951386.784,4.104,2.615,0.149,-0.953,1.0252,-2.2594,5.98,-155.744,-179.9661,-0.3979
1741951386.863,4.105,2.615,0.148,-0.953,1.0252,-2.2593,5.98,-155.7618,179.9627,-0.4893
1741951386.943,4.104,2.618,0.149,-0.956,1.0252,-2.2592,5.9801,-155.7487,179.9197,-0.4213
1741951387.022,4.105,2.62,0.147,-0.959,1.0251,-2.259,5.9801,-155.3044,-179.9853,0.0184
1741951387.102,4.104,2.62,0.149,-0.958,1.025,-2.259,5.9801,-155.6642,-179.8028,-0.0741
1741951387.182,4.104,2.616,0.149,-0.954,1.025,-2.259,5.9801,-155.7791,-179.7758,-0.1199
1741951387.261,4.104,2.621,0.149,-0.959,1.0249,-2.259,5.9801,-155.8556,-179.7139,-0.1316
1741951387.341,4.103,2.616,0.15,-0.954,1.0249,-2.2589,5.9801,-155.9246,-179.6909,-0.1618
1741951387.421,4.105,2.62,0.149,-0.958,1.0248,-2.2589,5.9801,-155.9668,-179.6425,-0.1324
1741951387.5,4.103,2.62,0.151,-0.958,1.0248,-2.2589,5.9801,-156.0009,-179.6243,-0.1437
1741951387.58,4.103,2.62,0.151,-0.958,1.0247,-2.2588,5.9801,-156.028,-179.6342,-0.1443
1741951387.661,4.104,2.62,0.15,-0.958,1.0247,-2.2588,5.9802,-156.051,-179.6467,-0.1591
1741951387.739,4.106,2.615,0.148,-0.953,1.0247,-2.2588,5.9802,-156.0497,-179.6357,-0.1456
1741951387.819,4.105,2.62,0.149,-0.958,1.0246,-2.2588,5.9802,-156.0549,-179.6196,-0.1567
1741951387.899,4.104,2.62,0.15,-0.958,1.0246,-2.2587,5.9802,-156.0565,-179.6427,-0.1499
1741951387.978,4.104,2.614,0.15,-0.952,1.0246,-2.2587,5.9802,-156.0634,-179.6313,-0.1613
1741951388.058,4.105,2.619,0.149,-0.957,1.0246,-2.2587,5.9802,-156.0594,-179.6196,-0.1622
1741951388.138,4.104,2.615,0.15,-0.953,1.0245,-2.2587,5.9802,-156.0594,-179.6411,-0.178
1741951388.217,4.106,2.619,0.148,-0.957,1.0245,-2.2586,5.9802,-156.0416,-179.6223,-0.1548
1741951388.297,4.105,2.619,0.149,-0.957,1.0245,-2.2586,5.9802,-156.059,-179.6409,-0.1794
1741951388.377,4.105,2.615,0.149,-0.953,1.0245,-2.2586,5.9802,-156.0384,-179.6587,-0.1995
1741951388.456,4.106,2.62,0.148,-0.958,1.0245,-2.2586,5.9802,-156.0545,-179.6568,-0.1826
1741951388.536,4.104,2.615,0.15,-0.953,1.0245,-2.2586,5.9802,-156.0481,-179.679,-0.1947
1741951388.615,4.105,2.62,0.149,-0.958,1.0244,-2.2586,5.9802,-156.0532,-179.6536,-0.1983
1741951388.695,4.104,2.62,0.15,-0.957,1.0244,-2.2586,5.9803,-156.1047,-179.7554,-0.3022
1741951388.775,4.104,2.619,0.15,-0.957,1.0244,-2.2586,5.9803,-156.08,-179.6979,-0.2459
1741951388.854,4.105,2.615,0.149,-0.953,1.0244,-2.2585,5.9803,-156.0486,-179.66,-0.1884
1741951388.934,4.103,2.619,0.151,-0.957,1.0244,-2.2585,5.9803,-156.0551,-179.6493,-0.1884
1741951389.014,4.104,2.615,0.15,-0.953,1.0244,-2.2585,5.9803,-156.0528,-179.6414,-0.1873
1741951389.093,4.105,2.615,0.149,-0.953,1.0244,-2.2585,5.9803,-156.032,-179.6141,-0.1528
1741951389.173,4.105,2.62,0.149,-0.958,1.0244,-2.2585,5.9803,-156.0472,-179.6249,-0.1787
1741951389.253,4.106,2.615,0.148,-0.953,1.0243,-2.2585,5.9803,-156.058,-179.6357,-0.1754
1741951389.332,4.105,2.62,0.149,-0.958,1.0243,-2.2585,5.9803,-156.0398,-179.6432,-0.172
1741951389.412,4.104,2.614,0.15,-0.952,1.0243,-2.2585,5.9803,-156.0266,-179.6368,-0.1866
1741951389.492,4.105,2.614,0.149,-0.952,1.0243,-2.2584,5.9803,-156.0279,-179.6561,-0.1717
1741951389.571,4.105,2.621,0.149,-0.959,1.0243,-2.2584,5.9803,-156.0427,-179.6562,-0.1603
1741951389.651,4.104,2.619,0.15,-0.957,1.0243,-2.2584,5.9803,-156.0363,-179.6254,-0.1515
1741951389.731,4.105,2.619,0.149,-0.957,1.0243,-2.2584,5.9803,-156.0325,-179.647,-0.1752
1741951389.81,4.104,2.619,0.15,-0.957,1.0243,-2.2584,5.9803,-156.0405,-179.6066,-0.1557
1741951389.89,4.104,2.619,0.15,-0.957,1.0243,-2.2584,5.9803,-156.0506,-179.6083,-0.1664
1741951389.97,4.104,2.62,0.15,-0.958,1.0243,-2.2584,5.9803,-156.0582,-179.6331,-0.1813
1741951390.049,4.104,2.62,0.15,-0.958,1.0243,-2.2584,5.9803,-156.0429,-179.6362,-0.158
1741951390.129,4.104,2.615,0.15,-0.953,1.0242,-2.2584,5.9803,-156.0459,-179.6345,-0.1649
1741951390.208,4.103,2.616,0.151,-0.954,1.0242,-2.2584,5.9803,-156.069,-179.6016,-0.1292
1741951390.288,4.103,2.616,0.151,-0.954,1.0242,-2.2584,5.9803,-156.0668,-179.616,-0.1551
1741951390.368,4.106,2.614,0.148,-0.952,1.0242,-2.2584,5.9803,-156.0622,-179.6215,-0.1501
1741951390.447,4.103,2.615,0.151,-0.953,1.0242,-2.2583,5.9803,-156.0643,-179.5965,-0.1382
1741951390.527,4.105,2.615,0.149,-0.953,1.0242,-2.2583,5.9803,-156.0664,-179.6073,-0.1513
1741951390.607,4.107,2.615,0.147,-0.953,1.0242,-2.2583,5.9803,-156.0545,-179.6056,-0.1458
1741951390.686,4.107,2.615,0.147,-0.953,1.0242,-2.2583,5.9803,-156.0543,-179.6018,-0.1511
1741951390.766,4.103,2.615,0.151,-0.953,1.0242,-2.2583,5.9803,-156.0374,-179.6109,-0.1521
1741951390.846,4.105,2.621,0.149,-0.959,1.0242,-2.2583,5.9803,-156.05,-179.6178,-0.1506
1741951390.925,4.104,2.62,0.15,-0.958,1.0242,-2.2583,5.9803,-156.0655,-179.6427,-0.1669
1741951391.005,4.104,2.615,0.15,-0.953,1.0242,-2.2583,5.9803,-156.0651,-179.6052,-0.1589
1741951391.085,4.104,2.615,0.15,-0.953,1.0242,-2.2583,5.9803,-156.0494,-179.6072,-0.1463
1741951391.164,4.106,2.615,0.148,-0.953,1.0242,-2.2583,5.9803,-156.0598,-179.6205,-0.1443
1741951391.244,4.104,2.615,0.15,-0.953,1.0242,-2.2583,5.9803,-156.0565,-179.6099,-0.134
1741951391.323,4.104,2.615,0.15,-0.953,1.0242,-2.2583,5.9803,-156.0565,-179.5973,-0.1497
1741951391.403,4.103,2.619,0.151,-0.957,1.0241,-2.2583,5.9803,-156.0632,-179.5897,-0.1451
1741951391.483,4.103,2.619,0.151,-0.957,1.0241,-2.2583,5.9803,-156.0571,-179.6155,-0.1642
1741951391.562,4.105,2.615,0.149,-0.953,1.0241,-2.2583,5.9803,-156.0465,-179.6202,-0.1581
1741951391.642,4.104,2.62,0.15,-0.958,1.0241,-2.2583,5.9803,-156.0644,-179.6174,-0.1484
1741951391.722,4.104,2.62,0.15,-0.958,1.0241,-2.2583,5.9803,-156.0466,-179.6078,-0.1615
1741951391.801,4.105,2.62,0.149,-0.958,1.0241,-2.2583,5.9803,-156.0464,-179.5984,-0.1519
1741951391.881,4.105,2.62,0.149,-0.958,1.0241,-2.2583,5.9804,-156.0081,-179.6445,-0.1909
1741951391.961,4.104,2.62,0.15,-0.958,1.0241,-2.2582,5.9804,-156.0032,-179.651,-0.1745
1741951392.04,4.104,2.621,0.15,-0.959,1.0241,-2.2582,5.9804,-156.0325,-179.6421,-0.1666
1741951392.12,4.105,2.621,0.149,-0.959,1.0241,-2.2582,5.9804,-156.0387,-179.6218,-0.1626
1741951392.2,4.103,2.621,0.151,-0.959,1.0241,-2.2582,5.9804,-156.0438,-179.6218,-0.1508
1741951392.279,4.103,2.615,0.151,-0.953,1.0241,-2.2582,5.9804,-156.0514,-179.6029,-0.1403
1741951392.359,4.106,2.62,0.148,-0.958,1.0241,-2.2582,5.9804,-156.0436,-179.6126,-0.1325
1741951392.438,4.103,2.62,0.151,-0.958,1.0241,-2.2582,5.9804,-156.0467,-179.6313,-0.1459
1741951392.518,4.102,2.62,0.152,-0.958,1.0241,-2.2582,5.9804,-156.0514,-179.6143,-0.156
1741951392.598,4.105,2.62,0.149,-0.958,1.0241,-2.2582,5.9804,-156.0689,-179.6202,-0.1539
1741951392.677,4.105,2.615,0.149,-0.953,1.0241,-2.2582,5.9804,-156.0708,-179.6224,-0.1446
1741951392.757,4.105,2.615,0.149,-0.953,1.0241,-2.2582,5.9804,-156.0664,-179.6255,-0.132
1741951392.837,4.105,2.615,0.149,-0.953,1.0241,-2.2582,5.9804,-156.0633,-179.5955,-0.1303
1741951392.916,4.105,2.615,0.149,-0.953,1.0241,-2.2582,5.9804,-156.0618,-179.6145,-0.1648
1741951392.996,4.106,2.615,0.148,-0.953,1.0241,-2.2582,5.9804,-156.0622,-179.6509,-0.1752
1741951393.076,4.106,2.615,0.148,-0.953,1.0241,-2.2582,5.9804,-156.0671,-179.6354,-0.1529
1741951393.155,4.104,2.62,0.15,-0.958,1.0241,-2.2582,5.9804,-156.0598,-179.6481,-0.1738
1741951393.235,4.104,2.62,0.15,-0.958,1.0241,-2.2582,5.9804,-156.0528,-179.6517,-0.1541
1741951393.315,4.106,2.615,0.148,-0.953,1.0241,-2.2582,5.9804,-156.0654,-179.6338,-0.149
1741951393.394,4.106,2.615,0.148,-0.953,1.0241,-2.2582,5.9804,-156.0427,-179.7059,-0.2088
1741951393.474,4.106,2.615,0.148,-0.953,1.0241,-2.2582,5.9804,-155.9997,-179.7509,-0.2499
1741951393.554,4.104,2.619,0.15,-0.957,1.0241,-2.2582,5.9804,-156.0225,-179.6912,-0.2247
1741951393.633,4.104,2.62,0.15,-0.958,1.0241,-2.2582,5.9804,-156.0368,-179.6627,-0.2003
1741951393.713,4.104,2.619,0.15,-0.957,1.0241,-2.2582,5.9804,-156.0554,-179.6224,-0.1557
1741951393.792,4.105,2.619,0.149,-0.957,1.0241,-2.2582,5.9804,-156.0464,-179.6277,-0.155
1741951393.872,4.105,2.615,0.149,-0.953,1.0241,-2.2582,5.9804,-156.0395,-179.6276,-0.1681
1741951393.952,4.104,2.615,0.15,-0.953,1.024,-2.2582,5.9804,-156.0373,-179.6139,-0.1595
1741951394.031,4.104,2.62,0.15,-0.958,1.024,-2.2582,5.9804,-156.0393,-179.6214,-0.155
1741951394.111,4.104,2.615,0.15,-0.953,1.024,-2.2582,5.9804,-156.0378,-179.6066,-0.1633
1741951394.191,4.105,2.615,0.149,-0.953,1.024,-2.2582,5.9804,-156.0575,-179.6014,-0.1573
1741951394.27,4.105,2.616,0.149,-0.954,1.024,-2.2581,5.9804,-156.0336,-179.6286,-0.1734
1741951394.35,4.103,2.614,0.151,-0.952,1.024,-2.2581,5.9804,-156.0551,-179.6185,-0.1624
1741951394.43,4.105,2.62,0.149,-0.958,1.024,-2.2581,5.9804,-156.0533,-179.6015,-0.1522
1741951394.509,4.105,2.616,0.149,-0.954,1.024,-2.2581,5.9804,-156.0466,-179.6235,-0.1717
1741951394.589,4.104,2.616,0.15,-0.954,1.024,-2.2581,5.9804,-156.0492,-179.618,-0.1554
1741951394.669,4.104,2.615,0.15,-0.953,1.024,-2.2581,5.9804,-156.0538,-179.6119,-0.1545
1741951394.748,4.105,2.62,0.149,-0.958,1.024,-2.2581,5.9804,-156.0568,-179.6101,-0.1422
1741951394.828,4.104,2.62,0.15,-0.958,1.024,-2.2581,5.9804,-156.0555,-179.6134,-0.1375
1741951394.907,4.106,2.615,0.148,-0.953,1.024,-2.2581,5.9804,-156.0616,-179.6127,-0.1405
1741951394.987,4.105,2.615,0.149,-0.953,1.024,-2.2581,5.9804,-156.0592,-179.6232,-0.1396
1741951395.067,4.105,2.621,0.149,-0.959,1.024,-2.2581,5.9804,-156.0612,-179.6187,-0.1459
1741951395.146,4.106,2.621,0.148,-0.959,1.024,-2.2581,5.9804,-156.0509,-179.6124,-0.1521
1741951395.226,4.104,2.615,0.15,-0.953,1.024,-2.2581,5.9804,-156.0363,-179.6002,-0.1481
1741951395.306,4.104,2.62,0.15,-0.958,1.024,-2.2581,5.9804,-156.0432,-179.6003,-0.1463
1741951395.385,4.105,2.62,0.149,-0.958,1.024,-2.2581,5.9804,-156.0586,-179.5837,-0.1567
1741951395.465,4.105,2.621,0.149,-0.959,1.024,-2.2581,5.9804,-156.0579,-179.6051,-0.1554
1741951395.545,4.106,2.615,0.148,-0.953,1.024,-2.2581,5.9804,-156.0671,-179.6133,-0.158
1741951395.624,4.104,2.62,0.15,-0.958,1.024,-2.2581,5.9804,-156.0818,-179.6008,-0.1424
1741951395.704,4.105,2.614,0.149,-0.952,1.024,-2.2581,5.9804,-156.0725,-179.6049,-0.148
1741951395.784,4.105,2.614,0.149,-0.952,1.024,-2.2581,5.9804,-156.0606,-179.6015,-0.154
1741951395.863,4.106,2.615,0.148,-0.953,1.024,-2.2581,5.9804,-156.0669,-179.5919,-0.1491
1741951395.943,4.105,2.619,0.149,-0.957,1.024,-2.2581,5.9804,-156.0375,-179.585,-0.1395
1741951396.023,4.104,2.62,0.15,-0.958,1.024,-2.2581,5.9804,-156.048,-179.5863,-0.1414
1741951396.102,4.104,2.615,0.15,-0.953,1.024,-2.2581,5.9804,-156.0523,-179.587,-0.1492
1741951396.182,4.104,2.615,0.15,-0.953,1.024,-2.2581,5.9804,-156.0582,-179.5611,-0.1513
1741951396.262,4.104,2.615,0.15,-0.953,1.024,-2.2581,5.9804,-156.0475,-179.5942,-0.1571
1741951396.341,4.105,2.615,0.149,-0.953,1.024,-2.2581,5.9804,-156.0593,-179.6267,-0.1496
1741951396.421,4.107,2.615,0.147,-0.953,1.024,-2.2581,5.9804,-156.0441,-179.6176,-0.1347
1741951396.5,4.106,2.62,0.148,-0.958,1.024,-2.2581,5.9804,-156.0432,-179.6227,-0.153
1741951396.58,4.106,2.62,0.148,-0.958,1.024,-2.2581,5.9804,-156.0433,-179.5916,-0.1128
1741951396.66,4.106,2.62,0.148,-0.958,1.024,-2.2581,5.9804,-156.0398,-179.6113,-0.1334
1741951396.739,4.105,2.615,0.149,-0.953,1.024,-2.2581,5.9804,-156.0425,-179.6073,-0.1453
1741951396.819,4.105,2.62,0.149,-0.958,1.024,-2.2581,5.9804,-156.0468,-179.6117,-0.1471
1741951396.899,4.104,2.62,0.15,-0.958,1.024,-2.2581,5.9804,-156.0515,-179.5835,-0.1103
1741951396.978,4.104,2.62,0.15,-0.958,1.024,-2.2581,5.9804,-156.0449,-179.5671,-0.1225
1741951397.058,4.104,2.62,0.15,-0.958,1.024,-2.2581,5.9804,-156.0499,-179.5778,-0.135
1741951397.138,4.105,2.619,0.149,-0.957,1.024,-2.2581,5.9804,-156.0441,-179.5874,-0.1366
1741951397.217,4.104,2.62,0.15,-0.958,1.024,-2.2581,5.9804,-156.039,-179.5886,-0.144
1741951397.297,4.105,2.62,0.149,-0.958,1.024,-2.2581,5.9804,-156.0443,-179.5656,-0.1388
1741951397.377,4.105,2.621,0.149,-0.959,1.024,-2.2581,5.9804,-156.0717,-179.573,-0.1564
1741951397.456,4.105,2.616,0.149,-0.954,1.024,-2.2581,5.9804,-156.06,-179.5845,-0.1677
1741951397.536,4.104,2.62,0.15,-0.958,1.024,-2.2581,5.9804,-156.0588,-179.5704,-0.1354
1741951397.615,4.105,2.615,0.149,-0.953,1.024,-2.2581,5.9804,-156.0573,-179.587,-0.1533
1741951397.695,4.103,2.615,0.151,-0.953,1.024,-2.2581,5.9804,-156.07,-179.5678,-0.1333
1741951397.775,4.103,2.615,0.151,-0.953,1.024,-2.2581,5.9804,-156.0617,-179.5735,-0.1327
1741951397.854,4.106,2.619,0.148,-0.957,1.024,-2.2581,5.9804,-156.059,-179.581,-0.1315
1741951397.934,4.105,2.615,0.149,-0.953,1.024,-2.2581,5.9804,-156.0601,-179.5894,-0.1319
1741951398.014,4.105,2.615,0.149,-0.953,1.024,-2.2581,5.9804,-156.0567,-179.587,-0.1346
1741951398.093,4.104,2.615,0.15,-0.953,1.024,-2.2581,5.9804,-156.0473,-179.5643,-0.1115
1741951398.173,4.104,2.62,0.15,-0.958,1.024,-2.2581,5.9804,-156.0692,-179.6766,-0.1771
1741951398.253,4.104,2.615,0.15,-0.953,1.024,-2.2581,5.9804,-156.0994,-179.6172,-0.1448
1741951398.332,4.105,2.614,0.149,-0.952,1.024,-2.2581,5.9804,-156.0815,-179.5897,-0.1385
1741951398.412,4.104,2.619,0.15,-0.957,1.024,-2.2581,5.9804,-156.0642,-179.6398,-0.1781
1741951398.492,4.105,2.619,0.149,-0.957,1.024,-2.2581,5.9804,-156.0451,-179.617,-0.1427
1741951398.571,4.105,2.619,0.149,-0.957,1.024,-2.258,5.9804,-156.0453,-179.5834,-0.1188
1741951398.651,4.105,2.62,0.149,-0.958,1.024,-2.258,5.9804,-156.052,-179.5837,-0.126
1741951398.731,4.107,2.619,0.147,-0.957,1.024,-2.258,5.9804,-156.0537,-179.5802,-0.1247
1741951398.81,4.104,2.615,0.15,-0.953,1.024,-2.2581,5.9804,-156.0638,-179.59,-0.1461
1741951398.89,4.103,2.615,0.151,-0.953,1.024,-2.258,5.9804,-156.0479,-179.5787,-0.134
1741951398.969,4.103,2.615,0.151,-0.953,1.024,-2.258,5.9804,-156.0332,-179.5988,-0.1487
1741951399.049,4.103,2.621,0.151,-0.959,1.024,-2.258,5.9804,-156.0276,-179.5953,-0.1261
1741951399.129,4.104,2.62,0.15,-0.958,1.024,-2.258,5.9804,-156.0314,-179.6011,-0.1433
1741951399.208,4.105,2.615,0.149,-0.953,1.024,-2.258,5.9804,-156.0266,-179.6089,-0.1418
1741951399.288,4.105,2.615,0.149,-0.953,1.024,-2.258,5.9804,-156.053,-179.616,-0.1576
1741951399.368,4.105,2.62,0.149,-0.958,1.024,-2.258,5.9804,-156.0559,-179.6363,-0.1734
1741951399.447,4.104,2.62,0.15,-0.958,1.024,-2.258,5.9804,-156.0453,-179.6295,-0.1555
1741951399.527,4.105,2.62,0.149,-0.958,1.024,-2.258,5.9804,-156.04,-179.611,-0.1447
1741951399.607,4.105,2.62,0.149,-0.958,1.024,-2.258,5.9804,-156.0458,-179.6097,-0.1361
1741951399.686,4.104,2.62,0.15,-0.958,1.0239,-2.258,5.9804,-156.08,-179.5735,-0.1149
1741951399.766,4.104,2.62,0.15,-0.958,1.0239,-2.258,5.9804,-156.0704,-179.5767,-0.112
1741951399.845,4.104,2.62,0.15,-0.958,1.024,-2.2581,5.9804,-156.0821,-179.5972,-0.1456
1741951399.925,4.104,2.616,0.15,-0.954,1.0239,-2.258,5.9804,-156.0748,-179.5686,-0.131
1741951400.005,4.104,2.62,0.15,-0.958,1.0239,-2.258,5.9804,-156.0439,-179.5897,-0.1341
1741951400.084,4.105,2.62,0.149,-0.958,1.0239,-2.258,5.9804,-156.0369,-179.5901,-0.1453
1741951400.164,4.105,2.62,0.149,-0.958,1.0239,-2.258,5.9804,-156.0666,-179.5795,-0.1341
1741951400.244,4.105,2.615,0.149,-0.953,1.0239,-2.258,5.9804,-156.0488,-179.5937,-0.1456
1741951400.323,4.105,2.615,0.149,-0.953,1.0239,-2.258,5.9804,-156.0505,-179.5918,-0.1296
1741951400.403,4.106,2.62,0.148,-0.958,1.0239,-2.258,5.9804,-156.0542,-179.5754,-0.1349
1741951400.483,4.104,2.62,0.15,-0.958,1.0239,-2.258,5.9804,-156.0454,-179.6081,-0.1461
1741951400.562,4.104,2.614,0.15,-0.952,1.0239,-2.258,5.9804,-156.0568,-179.5852,-0.1501
1741951400.642,4.106,2.621,0.148,-0.959,1.0239,-2.258,5.9804,-156.0385,-179.5935,-0.1589
1741951400.722,4.103,2.615,0.151,-0.953,1.0239,-2.258,5.9804,-156.0324,-179.6055,-0.16
1741951400.801,4.105,2.616,0.149,-0.954,1.0239,-2.258,5.9804,-156.0304,-179.6432,-0.168
1741951400.881,4.106,2.616,0.148,-0.954,1.0239,-2.258,5.9804,-156.0278,-179.6162,-0.1438
1741951400.961,4.106,2.615,0.148,-0.953,1.0239,-2.258,5.9804,-156.043,-179.6215,-0.1487
1741951401.04,4.106,2.615,0.148,-0.953,1.0239,-2.258,5.9804,-156.0429,-179.6155,-0.142
1741951401.12,4.106,2.615,0.148,-0.953,1.0239,-2.258,5.9804,-156.0421,-179.6136,-0.15
1741951401.2,4.105,2.614,0.149,-0.952,1.0239,-2.258,5.9804,-156.0302,-179.6047,-0.1735
1741951401.279,4.105,2.614,0.149,-0.952,1.0239,-2.258,5.9804,-156.0346,-179.6075,-0.1513
1741951401.359,4.104,2.614,0.15,-0.952,1.0239,-2.258,5.9804,-156.0295,-179.6066,-0.1549
